id,user_name,age,password,email,goal_id
0,qZ2g31bb,38,DryA7dE2L4,bpEOQW@gmail.com,6912
1,9snLK,46,YHHbWL,5IJxb6@gmail.com,5248
2,at3jx,58,DV7QjWQnUDu39TCxwM,YR5w@gmail.com,406
3,5nw6q,15,XJauo6KAA42G,kYth7APNgf@gmail.com,1929
4,fVColfVmG,18,1DeTGUCGi1,mK512eCCm@gmail.com,9668
5,zq0qXctr,28,jfw1yHeCaU,LscDzZ3i@gmail.com,3198
6,gFIvPmQvJ,37,x31V9lVsLWF,zJCnq@gmail.com,2019
7,RBjldo,48,EM6TwCBuh1Y,Lug6XwpTWq@gmail.com,9943
8,N35yCR1WX,55,OO1AeLzLfK9DPC,kk3rfrzy2@gmail.com,1311
9,IQ2T3Q2f,28,LK63mthFR41F42RJ1j,iSg@gmail.com,4449
10,LzmiXm,35,F2beRqGGsBXyfbH,tKP21B9Vqc@gmail.com,6152
11,KUsvEgXi,19,acfHue9ZnOk1CXygOs,SacCvK@gmail.com,104
12,FVEq5w8D,30,R7REIhUYcb,UkXaKkb@gmail.com,2608
13,4CYFXDJ5no,51,cRxoaXyeWiao,C4t8@gmail.com,824
14,EdCos,27,DRtK2gfNAFPUG,Pyfn@gmail.com,2082
15,OLZJFJ4H,31,lkhrOSclBo,YYPEOCNnw@gmail.com,9656
16,3z3FrcVzq,48,h6HHbdTcI1IkWkq,ep4W8@gmail.com,5439
17,4WoQ2FyCS,50,c76GjCRsgClzTCs,lJK8A@gmail.com,6569
18,44YTW,24,BaC1nZLxJdXMV,SVKr8@gmail.com,6652
19,Rg6rze8,19,DmQGuMOwDYFBLdR4h,qyZ@gmail.com,315
20,2qWyP,56,aWwHCxF,f70emzll@gmail.com,404
21,iXpQ7Ro,33,AQrW3f,prX@gmail.com,3788
22,GjqiNh7,48,Y8A6FzEQm6c5xx,jTD4HY6PqJ@gmail.com,7366
23,U2vaNB2,16,IbA3In884G,yuCII@gmail.com,967
24,P4kG9V,53,mnfO5OYobqgNP,32smU@gmail.com,3972
25,wf1Dh,29,ukYcTYXNrkprg1TL,sfhflceK1@gmail.com,6746
26,Ng48ZVSUR,23,AQSB8BYfz,HgsP3@gmail.com,9013
27,oh7yAw4cRu,41,riCTc00ED7XaHCdl7E,9vRP@gmail.com,4526
28,MzDFbn,16,CA7YApGDpx,qZPo@gmail.com,6959
29,8mko2,55,7qEe38szOrmClnr,w3ndfvBRf@gmail.com,871
30,xI2pjk9qyY,31,r9IfWVUtrBywAV6,jMeJK@gmail.com,8145
31,RdGig,55,sbpsOh,bOB89@gmail.com,4618
32,XQK429w38,36,J2LFUYAzV3POcol,3kv@gmail.com,9864
33,yvZnj,55,tySk2RdylbXLW7,QasU@gmail.com,7606
34,yo4XLs,33,NSHfHDicAJ,Uf9@gmail.com,9157
35,SR3DdF,34,0lxJediE16O,Xn1y4C@gmail.com,6258
36,St8uR5,31,Kji34V67,zfq@gmail.com,913
37,IKEyaPJS4,45,Lb10qAKE,AU06DLj9@gmail.com,5298
38,fLzoXZGe,25,R1a12DVikYi56j,IcPh7@gmail.com,237
39,LVxNIS,44,xpl113IplNKiqf,f74IM@gmail.com,4465
40,iOwSxq28,33,pH3y2S,3dGVHw@gmail.com,8991
41,kPZYwpI7RU,38,jjhV8G9x0ZjZMBr,cMZspic@gmail.com,1033
42,6YZ0Glfq3F,18,cOPlSN3RNF,s1c@gmail.com,6116
43,pwpYEDb,20,qb6K0f6gHb,fUyNZKh@gmail.com,1233
44,wFUvFV2,31,bKSDSPvYi,qn7j@gmail.com,2615
45,89Dy3jYg2x,29,sDWEdclo6bh1hp,m4HT6f@gmail.com,9255
46,PXORPiv,19,tTqAcNBf8Qm0Z,XMPA@gmail.com,9770
47,jNwEdSto9,18,SN84KkyQ,RuYV1E@gmail.com,8785
48,xvrpe4FfL,25,nstCIS4NRKUxr3Cin,33X9hPyMOj@gmail.com,35
49,SsN1Qg9K,58,WZRHo4y,zkRdmBLVhG@gmail.com,394
50,T4nvwlM,32,Ch1orl4L8LgDdEveDn,hv5bqH@gmail.com,9160
51,YT3zUlry,55,VQZn8pAvq0R3ZRpe,oS6NeLH@gmail.com,5540
52,eSQn3,29,T3276C6z1,YsREP@gmail.com,1980
53,F5ZFJ9nsc5,36,omt6fBc3,LY7HZXL@gmail.com,5551
54,Oh4MJa,46,A2ZU6C,hvc4QJ7uD@gmail.com,1463
55,kzOjNWMok,46,xPx8hJ2stKgXTatxX,7w6@gmail.com,1615
56,ucIoXg,31,dMPgX7ZgvC0,RhO0t@gmail.com,352
57,nadzIVOnJW,50,wsYJkmDT,f3XQ0tg@gmail.com,25
58,CGWhUOr,41,Q0gKkLJqh0qsFr1CTo,3wX8@gmail.com,5983
59,1uPwZ,56,iLRhiksfVnLp65z8J,PaFVCSNe@gmail.com,5332
60,juimDHsFfp,56,wqKwB9E,gQUIrk@gmail.com,5672
61,pVy1NCQ,15,0xBISBIJQWQb2YmhT,zn0SKx3WC@gmail.com,1123
62,F0HMMh5qfR,48,yLyw9Hjb21tC6LY,J7Wv@gmail.com,62
63,ircUvTigC,50,rPtFpGiIBM,cr0Hv5vtv@gmail.com,7839
64,a3PCaaXWo,43,otw81u3n,4MqMXQOJ@gmail.com,9695
65,Jzf4Ow5ZvU,36,zBBTRRj7yZlyUWbSl,Nh8SHGgCqS@gmail.com,335
66,CAOyl5P,32,5QzJCTgxX,JIRoYo@gmail.com,545
67,CL661NFgA,39,bOdFMczWCs,XZL91IPQnb@gmail.com,9628
68,TnoOUz,38,PL6mnic,w3LO68S6@gmail.com,8002
69,mqwRt,57,hMfB5hqSxBHmQ,ShahostD@gmail.com,5421
70,MkrHBNVA1m,52,FUjfDBiB,6v6o4bh0@gmail.com,5484
71,dr6yEg0,25,y4euUvM56GQGOs,eNZxdOzXo@gmail.com,7168
72,X4JdcO,18,LfOvAA,MFW@gmail.com,7985
73,ChGuZ,18,CjpJIz9TbvwYUe70z,q2ESuk4G@gmail.com,7557
74,LRiYnSd,21,qDc2Jy24gq7Ih,K7sE3VuL@gmail.com,1571
75,gUByx,18,7XkvDfdwwhI86sfOL4,bfN8J@gmail.com,8539
76,iIrTBdiiyI,55,X07e8Q,IlGS@gmail.com,2285
77,uL1f4sO,41,pdye9H,VJgKzg@gmail.com,4482
78,IGNcpON,27,KCUXpRtYIR7,Tmd5BqxBnK@gmail.com,2170
79,BaBy3,18,dbGeHGbvwhxleJB,j8UAyJEnk@gmail.com,9855
80,wRdyVcd98,42,2LLGMSt0NxwD7D,H8DN@gmail.com,5094
81,SG7I28,55,vQ9lv74t9uP4K,IZzS@gmail.com,8600
82,jxmpfCSlg,34,Wk9iXBkGur29hDJR,3EgBrABR@gmail.com,8115
83,ZF2BLeis,47,7xOoEno2eq,JpufjDkm@gmail.com,6850
84,QMOqcz,51,VQ5pUFryMwRIGw,w36Aei@gmail.com,6582
85,AGo8P,40,Y08FqwNOmI,DZPoRIRV@gmail.com,3817
86,qPAvihuwV,18,Qxl15nG8,v4gCen4@gmail.com,3508
87,2jTiUfA,45,J4JQ7sDnzhN,rK4@gmail.com,6596
88,mhnJL,34,EPabyz,uZ4e9tjT@gmail.com,6910
89,fuQYl0Au,26,ZjQNxc,tdW0nym5Xw@gmail.com,7576
90,wdZ6FDlA,41,xc739To,n75Cu@gmail.com,1000
91,VpWJ1,35,xQEUrMiPn,3GYjmSlVcR@gmail.com,9907
92,XKM86K2i,25,NOFh36fFYPC,SwENi@gmail.com,4023
93,NbEzJ18Cj,52,QEtfeJU9woy04O,miBh@gmail.com,7821
94,kWcn4qE,36,rewD7H2W,28r0mzqrEW@gmail.com,3572
95,ypvMRUE4W,16,lNGMeJipOjNq9,SFPsCtQlQ@gmail.com,5586
96,1U2gE,34,L5ZGcMN,4vhO0UQ7@gmail.com,4400
97,PSAKSM1,56,XvK8tZLnq,GrZmNvqi@gmail.com,8779
98,8MuDKUc6j,27,DbOCU1HRaw0vRS,bVK4Ihre@gmail.com,3577
99,yMwCvl310,36,Ldf9xSsxTaJJQEm,IM1o4n@gmail.com,3537
100,QSiPM,15,ASWXP8ULe,Lz2tM6Cf4R@gmail.com,6205
101,NtSEvMSbTY,54,FqeLgRN3ymsMvE,gR2bzL@gmail.com,7467
102,YqbEZmhEw,14,N4s1aYehmUubmi,LDlUiwgy8@gmail.com,9706
103,ksTQB4LiL,35,7wSIt0ldcl1M8,faYxpJImKZ@gmail.com,4030
104,dQVKsektC0,26,3q6Ac1jRG,OfeKnL@gmail.com,4579
105,DznjEJjT9,17,BHRklcxWqnYe,V1GH@gmail.com,699
106,Z2DB202zN,50,V05KPz7K,xnjwN7I@gmail.com,7067
107,8xnjAh3t,16,JI2FH4zqp,OtSo@gmail.com,1139
108,aLbAbW4Fh,30,47o9sWIq2,ZkiFcsl@gmail.com,9055
109,muZBU3BK,39,EaIVIMr,n36oU@gmail.com,8094
110,Bq3K4wfMt,45,1WvRIM7HhV,IP2@gmail.com,129
111,nALU8WY,45,ILvQsXr8S,7Jsr66@gmail.com,2213
112,0OvyoLi,22,dFITcrrrsxcGPh5,xfxCZDNS@gmail.com,4966
113,czBn9xJsC,57,zJb5NalOawpYIw,3Kb@gmail.com,4872
114,48eeqnaQ,20,Ojqp5QldRt,Y04J@gmail.com,1557
115,ookZHVF,32,7d60jkK5G,h7u6T@gmail.com,7580
116,zOv7Y,51,WhczrbXWoVX9,M9cdEc@gmail.com,3538
117,OzFIM02fq,22,YeSBez2M9IJUTCGTxU,QobqvvC6cF@gmail.com,1533
118,WQWnGPrAA,22,wcGhv16J,n8M01s@gmail.com,5475
119,hjZuh,51,6hzoLKaWcRe,lg4D5I5goA@gmail.com,1916
120,2Mcnae,41,pF2aMICGrMBi,Tl4p6@gmail.com,9049
121,xmC7X,35,Stwvtsbn5ZRWeKUY,CkkEiUc@gmail.com,5884
122,pWEXJn64,38,TJhj65KW8h,Ekcu@gmail.com,5015
123,DKdSET,42,4r5ZzgX0,5lPjg@gmail.com,908
124,xPPs2HWaEx,40,UY0Q1dUPRoEt18IBv,vjn0fkEwn@gmail.com,770
125,jObkBi4,52,L2PLHSYZp,CS3FEnG@gmail.com,2021
126,YjVWf4a,41,yAS0Ju9,Y29aE@gmail.com,4005
127,8EmaQcz,18,kzPuY9RAulZN,iw2QkkTcI@gmail.com,7906
128,eyTFIT,57,jqncApcBq,cgFeKB@gmail.com,2515
129,LpzeJ6rO,51,NqQAHe6Sm1rZOFXNAE,pFTm@gmail.com,976
130,LcBSKJaq,21,So80eW,1OkVD5R@gmail.com,1538
131,UJ7iCdkIMf,18,qS3Lrm65,ndDKx4U@gmail.com,2464
132,3C0Cl6pUGb,20,63SRT24yngH,Al5MXm9@gmail.com,286
133,nsj1UgS,27,077x4YZ9ljmDOJNUeQ,4chZns@gmail.com,7487
134,vYdy23,42,GRQGcTfSaVa,ZW7@gmail.com,292
135,ryAAW,55,ONhDj3Hl3QiJEP,msSOVg@gmail.com,642
136,FpvB3drgoJ,54,izRFwvZtSxDu,GSOH@gmail.com,6713
137,rm9yaydKiX,31,O7J6uNYI,8cRva@gmail.com,1068
138,2vJhCT,58,O7qhiXnp,06dsTCn1R@gmail.com,1454
139,zEjLsh,41,fYWPAw9V2ox,is3kImre@gmail.com,3867
140,1BNj8WO,40,glYId2cyiP6vVdlCIK,0DIyxPhoAu@gmail.com,686
141,ss1XE,45,SI5Dlpc,wD0ZZMx@gmail.com,3618
142,3PBXaWjV,40,uOnzXoqhPuqF,PunrxPB0@gmail.com,1994
143,PK7pCVKZ,46,dcoj21u5SNNvI10E8v,GDKVhLG@gmail.com,2413
144,bAT1fy,19,zvBV6INxH2YfEgnDO,PLU4I@gmail.com,419
145,89pbRB,43,EJPXnw5,xvqnH7Y@gmail.com,8155
146,uQM7RHaQvK,15,VsWrywCEwiXYy,xnleRWRLs@gmail.com,2097
147,4HHtwSz8LV,38,R1wZkE,pl2@gmail.com,6636
148,4whpGMf,45,DzjCaKAM6Wof8Xf,3g0Ez@gmail.com,6794
149,ZUwDuis,44,A0z7y0sKyVt,NlQByM@gmail.com,3163
150,keTD0,46,SAI38dUz,Pq6NKdK@gmail.com,9121
151,ePn26Q,54,9YIK8OmSd,Xuq@gmail.com,9750
152,pwIOIgo,33,liuM0fFUtu8dD,SVW@gmail.com,5857
153,o1Wq3x4,16,vxyGlBbFN1sLmfhPMP,ixI@gmail.com,5794
154,CC0cfxP2,55,8Knxn4TcaGgRW7yi,RFilqAQM@gmail.com,3462
155,0GPIc,26,h4gJvf,Yednvt9F3@gmail.com,8870
156,mVuv56I0h,23,ruEf7o,f9rn@gmail.com,7759
157,2wX6iM,28,auiAyrDnP,0aydjW@gmail.com,5978
158,E4mzc4kk,29,Y3Lh7lhq,LN345@gmail.com,6191
159,vArYh,31,tMxhM8mM,hcIbwBSdwg@gmail.com,7742
160,qhc9R8tn,24,cnieQvG1SWPqtBqnW,uk5cDcxM@gmail.com,4061
161,dfSkE,16,1yElWp5sxdHNkJzU,fkb@gmail.com,6261
162,GKahrzn,31,PwQFLRNN4wI3,os3374dAQ@gmail.com,7068
163,slMVLaB,52,6Qn1NthT6,M5aJAs5e30@gmail.com,2410
164,lRhRVOg2ZM,39,BpHl3LoyD5q6Hc,sf2m8f@gmail.com,4893
165,JfTsQSMh,23,FSoV8Y,2hxfMUdcVl@gmail.com,2334
166,1lUJb,26,xOxWJVcXawjmq1n,PigwUG@gmail.com,7906
167,vUuS7FI5i,36,3MdG0cDnluANY7NJa,VvpxrB@gmail.com,3761
168,0nB2w5w4zb,26,bIJZhEM9wjuh,tqOyvK@gmail.com,9013
169,5Xc6Y,51,Dmr8zb4FpJxhga,xswJOgCHc@gmail.com,3512
170,ZrVe2iUv,52,l2b9mdqfXLw6c7gy,510RIXgm@gmail.com,9490
171,GshtBDABp,17,ncEs81u85wHWeDfm,z9PNm1O@gmail.com,9035
172,dts47,21,sXMGIU0o4acfZgRg,GH7rz@gmail.com,3394
173,knGvpVvd,32,le1XruuHw48sdzdLQ,awkCxO@gmail.com,6488
174,l3NKMFdI,24,zpTfC8WRXCL4NU7g9p,SG3upgiRdW@gmail.com,3422
175,5Wsra5wlep,33,eCPeNCkSqDi9PGTLLe,9lrdQ1@gmail.com,1271
176,9Sgdbsd1ju,50,J4CXJfoJ5S,OpH@gmail.com,6293
177,Y0GNY1GRs,47,TcY2A5,oCv4vIQP@gmail.com,5430
178,9av28,37,Aw1ad7xJAUtCyOb,4h4@gmail.com,7595
179,Mdjmsq,36,31z0UXAF9uwD2j7vnJ,sezD3Hk@gmail.com,1776
180,FeZJBq,41,qXauRZfRe,KD6yX@gmail.com,5618
181,92U02hd,52,6xaZC8xdSq5S9LJ,ImXnyN@gmail.com,7449
182,ObRzu,35,BlgUj4p,807r9@gmail.com,1311
183,rwI6V,53,deRY3Y,9UsZmC@gmail.com,6564
184,2ykjkP,19,qDHCDLLjzWdrd,1WxVCPByzi@gmail.com,1455
185,263DGByLU7,25,IyX2aEr3nB,mrB3A@gmail.com,5077
186,GhbFM,44,AuL6Mw34sgYHpKMK8d,k3i@gmail.com,2848
187,9xKRGD0n,33,3axPLKfCsoFFt,5t2zQfO6K@gmail.com,5881
188,tOEuWloWvf,44,RnoUKX,tJwTSv77E@gmail.com,2104
189,QVhVDAts,52,lrE5RvWPZPooYLO,bn6FTpJ7n@gmail.com,250
190,CUwnU39I,34,XUeScIH9gZ7ZQTxO,zFGU732C@gmail.com,4092
191,r9uBVvObsA,52,LlJoyG8rIgphsdy8Q,U9FvAoirL@gmail.com,2489
192,R6MVt,26,fu2QZQ,wxFRu@gmail.com,7966
193,cqBpY,27,4anruZILgtTnVXQfar,kvENj6P@gmail.com,8918
194,h1hjl2uhG,38,QHoYQHpvUlFamsQ,W1C7jc2L@gmail.com,6153
195,MuaUaajZD3,24,up4ibo,djsnCFErYX@gmail.com,8031
196,QzCWhG8miL,31,xdnOWl6GYGabTG26FV,UEGshKx@gmail.com,8365
197,9Cu80x9H,53,yvxTcjeRa,nbe29uoP@gmail.com,9462
198,YVjXhX,51,lGv8PGZFHyO,IgYBl@gmail.com,6034
199,RGus7ow,50,f8ECOXc9ttYsCazDl,SFgWQaRhs@gmail.com,9208
200,dZOJTOZ,57,whNZa9BZgdVcX8TJiY,aA4Hd5s@gmail.com,8293
201,8XP94N,55,KL33J3545B549,Xyr@gmail.com,2090
202,6Uc5GHjm,24,joapAYOmz1Q,jdDkG@gmail.com,8382
203,MFz5lq,56,bXomLvCvv0N5OOEa,ovp@gmail.com,2758
204,ud30cSzJL,23,kVN5Mb3,J3i@gmail.com,3157
205,OENI4Z,54,eekITflHecG4,1O4iRidH@gmail.com,2102
206,rSsKwAXXy,27,1gvTfShyDVeVYxL2,Xvat3g@gmail.com,6768
207,4KfuaoNE,55,MHwYvWM0TOH9DM,1tc6yod2uR@gmail.com,4937
208,lCdyymxLn9,55,3ADlakbLjILMnUyi,NAx@gmail.com,3019
209,TecGY3k,32,ZJ2EbKmjCvOn2,zdF@gmail.com,2103
210,Hs3I1nv,19,vp0FvyQQZgQr50YHaH,hMRTpJGp4S@gmail.com,2884
211,4v2lE,57,FytPzfq7pLk,BQUC@gmail.com,353
212,bofoa7r,21,ndhpAH4IVTDMBBxFie,j6iOvrDk@gmail.com,1268
213,pAQK3cjWm,17,DyZO0Nd1kQhzExQ,ImjKjA@gmail.com,2757
214,sjGBEhYJ8,17,IBoGErTkG1JjnE3Ef,SLZgalnUpt@gmail.com,6199
215,VE3IwC5,30,fh05z98DeAaYIzi,2dIq@gmail.com,6114
216,rWf6P7,41,uxiXax0hxy85,T5Qe1db76@gmail.com,8340
217,lrfogY,51,mi0wftHYY1X8CjmZH8,5VvTHOX6Ki@gmail.com,9109
218,fLFP09D1yj,57,ZWXxfY9EMy,byFw@gmail.com,9695
219,nzJWLwlx,24,D6BuWlArn7pS9zGi,CIkZ@gmail.com,8063
220,F3sbaW2e,15,7YTBFKIQtMPXmGuk,CfXBlyrQ88@gmail.com,7501
221,A0J6mLxl,18,vbRTbwBSWH,j24oqVmqJ@gmail.com,8863
222,PajX0m,32,3GCRU0jS,D6PNzb@gmail.com,798
223,qwRqBgl,47,dv9zzgRgkwWOuOO,7rY@gmail.com,8870
224,xqhVKGeLnc,58,CBxfmyWe6nARmi,B9KC7CZD@gmail.com,6424
225,rs2FdNs48h,25,ccCCGQ,TCsVrWkiW@gmail.com,9323
226,vF0nusKej,16,S9DgqJZ5ROozmHBqi,ovp@gmail.com,1666
227,HapwSJ0,46,KMnqgZfWrBJ,cSH4TyJ4w@gmail.com,2255
228,2IGktCo,20,4IWMnFtecSeh,e8IqqCb@gmail.com,1195
229,S2hEsX,53,d00t94fLUgi,u6WJGkg@gmail.com,7419
230,8Reh8aFJ,56,BBGAATCyW,7FiiC7V3@gmail.com,5404
231,5uNP77,51,WGra3MLvix,odddmq@gmail.com,6531
232,t1unDUH,28,6YwRA51SS7yqj3OY5r,qhL@gmail.com,8390
233,DNAKEMhq5e,42,4vdAWFXeSx0fK,SZyI@gmail.com,5510
234,wNN51B,57,Vg1nwhA4f,ZxHmo9v6@gmail.com,5598
235,uAmEBEX5,55,UqvkFgqEci97o1IeT,pIrDYOi1@gmail.com,8178
236,CFLXFF5,17,RDl9A6jtAg,AIJMUk@gmail.com,3063
237,mD3KJSU,31,4YLzErp,hbq@gmail.com,5173
238,D5fGw,43,W2S45ZpiGOxL8SCJoT,m02m9@gmail.com,9933
239,yHYqv,43,Cc8mBoAxJ6SL7CM,1eLqQ55xu@gmail.com,34
240,q7mo0UmRD,41,4VdfqezUrZWO,HPpo1xY7@gmail.com,7113
241,wg2q2NHru,36,ZU48dunT7xEuy9,aQVCiUQ@gmail.com,3665
242,8xHSdv,56,Pctr2eTb,qbnIakw@gmail.com,1279
243,OdFFJrWjy,41,lFtBJoCL,DV50nFFB@gmail.com,6030
244,aonMK,35,JL3pkN,8cd@gmail.com,1029
245,4aGR64,19,8KE5mGQgkYO0w,HoV@gmail.com,9747
246,LbhQr9IrpF,28,hn8jcMUje,yBYUF@gmail.com,8432
247,sOERXL,23,IDaJBx4iUAiggp,3ejnhbSILI@gmail.com,6432
248,nuCZ5U5wa,21,QFlbyzLYixwkI,d0E@gmail.com,3987
249,dOnBRZZT4,41,K4BbPM,VuKW@gmail.com,2262
250,zQqvBoP,20,ZkNNFxTAffk6a,MVUO9@gmail.com,8692
251,xRskQz,24,zMeQYmeX4H,iEbIVX@gmail.com,5907
252,hzwwUlM,32,cziaj8aK,h8NKd@gmail.com,3800
253,li3XAzWt7,20,AR1FvfiVJsmCZS97,cOIxi99@gmail.com,85
254,b62S73U,32,9esRFuul2Ai6Q,M40iPk@gmail.com,1369
255,Px701s9rwj,49,WBi8W7B,KQo@gmail.com,1715
256,9M1yCn6dJ,31,mvZ9AFsa,UJ2JM@gmail.com,7235
257,TEPixqBKcJ,25,7NHDydDnPnpO,qlIwnSQBwS@gmail.com,8751
258,OtP7otZzYt,40,33MHbARU1fXGw5210K,EuNAOYeTU@gmail.com,8187
259,cDnlROiwI,14,EgKO1AOo,WnC@gmail.com,3360
260,49H0Z,18,GGsZWCVWTT0h,AOdY3@gmail.com,234
261,6Yg9uzyGht,25,UCvG7OKLb,UypGf9faY@gmail.com,9731
262,w2BhSwCoQ,48,4EpCGVRriNS,wYtqN0uxbV@gmail.com,9600
263,AucrPl2sgB,32,trApOXW,wBzldyUno@gmail.com,5017
264,9vLlR03X,24,dmcayemwTthQFBa,iA9lhdxtj@gmail.com,9604
265,fuZkZbC,37,LwMQBWMDGfd,OekLX5lR@gmail.com,8828
266,gfqGCg,43,XXDaK2Nl7Hl,bXj4Z@gmail.com,7880
267,TmpHZ2ql0f,55,nVb1mLCLM2,utWgpw2@gmail.com,4421
268,rgKAOQ3x,58,cqGqB36,Wf2wgw@gmail.com,9495
269,oPpRncKXmt,32,XepUe0OnpE58,Ehl@gmail.com,576
270,I061Yj,55,yVosxr,CJdPQtV69s@gmail.com,3809
271,CXnE5p5ntq,24,opAplAl,Y0kbzEb5Cm@gmail.com,6657
272,nn8t6QRk,32,deYEHs0ux,91W8@gmail.com,5301
273,cqSjN8Y,28,KCGZ5oYfE9IsNW,EGSUOMNZ1@gmail.com,5541
274,vfDt4g,45,x7LdN6UaZ,zkIlh@gmail.com,1212
275,glij6TGK,31,zf8BjQR6LgNd,7niNu@gmail.com,1364
276,UD8ZjZSC,43,GDUIt9MDk8D81l,BEW@gmail.com,7740
277,NbTSTEK,34,zZ9zU6fgIetq,SItQK5yoP@gmail.com,5994
278,TWotZGLVL,37,WEiHAqgPvNzq5Rki3,2fOd@gmail.com,2805
279,cqaq659TE8,46,2wZeSb,biGi@gmail.com,7701
280,7cT5sKkZTY,35,sjNZXctQWXj8FPJheO,NPRcPpeTsF@gmail.com,9817
281,ZY5Fpor,34,3h3wQNIo,pyldE@gmail.com,8686
282,rI0MyI7fDi,52,BfTE6H,pl6pUhw@gmail.com,7947
283,yiiA4aO,23,5V5FJEVy4S,opSh2@gmail.com,1066
284,fcicj,22,545VnkO,7fst84o@gmail.com,6213
285,NMjrwXk6,23,2teOGPU2ry5VE4,FFj6n@gmail.com,2074
286,CiTV4sQ,15,iaUOju5KFl,NTkQCy03E@gmail.com,827
287,mCzhn0s,42,cDkQSLZN8t6q,IpDvOU@gmail.com,6868
288,Kbst5Q0nf,30,JrPj8AiYd,kyTud7@gmail.com,2708
289,UlfjXRHwP6,14,9xADnkyl7fZWh,dQ9DsQQ@gmail.com,2663
290,gdnOYL4l,36,xiiFWxGzl1,psxsyX7x@gmail.com,8493
291,bx42C3,51,V9JF0Hk20n,fhlQ@gmail.com,4871
292,hR0uxH4C,15,24rcwej233,aIFY9LX@gmail.com,7315
293,kUvapQ2XFF,28,ucEcndVMw04VHG8D,2RyT@gmail.com,2276
294,yWi3CSk,53,h1zlkyT52sz9q6,NE7469W1@gmail.com,921
295,SV6xNgi,34,8FrtpVqI5amRZHIJJu,CfpaAzIOE@gmail.com,8810
296,YFttc9QDkd,28,sOOLnLACKSkb,vkFm@gmail.com,8669
297,DwE7D3bkb,42,lzVyMonYJ6,JTehrg32MM@gmail.com,9392
298,f1IyT8R9,31,KUk1XS74culiZ,Z18cZi7FO@gmail.com,1129
299,gAHQYSz,33,k4Xbd3A0JcrLi,iucC62tBNs@gmail.com,4114
300,v3nHhiOYJv,36,WaHRlgmlfwDu9i8rW,gXTgb@gmail.com,6892
301,HOcafZ,14,YR8ISTlR4QCu6Ml,TvqDSHJyHS@gmail.com,8743
302,8mpC4NYe,56,BruzuiLLjQI,ThMtnw@gmail.com,3960
303,JE34a,34,vmwkhgRmHpT,7Fzokr@gmail.com,5041
304,nVEf3b,29,Mxrc1NhMZiAAl,MUPdVDhw@gmail.com,1382
305,z0ZBKs6,21,J4rtXp0Uchh1k3ddj,zXerQfdx@gmail.com,9818
306,VzGnaSVEa,22,pVNMuV1mfXaG41J,K9XBO@gmail.com,3740
307,YpidIM64,25,slfzuWGGd,CSmwwu@gmail.com,7619
308,FKGY2HHKKA,25,4qHccH5Qhx7o,ese@gmail.com,5161
309,11dpO6o,54,12blwJEEvcmcRiWD,LMOFBKz@gmail.com,4463
310,GkqQcScTMU,28,zZKyu4crIrt,tQ0ybdqN3@gmail.com,7598
311,icJVRxZ,32,m8c39bhuTwxAEBsyZC,nvzrW2b@gmail.com,4141
312,G952Csig,14,ZwrnVhkJt0475ZpN,WGvvkQM@gmail.com,1344
313,akDpVmQRp,56,gVPgmd72Dt,8GbTw@gmail.com,9554
314,jSzpu,58,2Qfjr0U,xiIjN5W@gmail.com,3729
315,eba4P9X4jG,50,t0jaA6Qw,Llfind@gmail.com,4894
316,EtLgbd,17,2V0mcLUmjKZlyffO,h1ooE3Xj@gmail.com,5243
317,XerHtx4WrM,20,C5MamVJQ1u2L,xP0g@gmail.com,9315
318,ZRFJpDXLNl,47,W3xkWwsXMwfJj2,WnZc@gmail.com,3434
319,46j7Hc,19,gu34Ra3yNHlrS9c,pk7mJKUJS5@gmail.com,6130
320,Lgw1ftY,39,I5sGaXcjNhM54,TIPnpT5Y@gmail.com,5205
321,43II4s,52,epf7eurthoOupJHh,gITnt922ZB@gmail.com,752
322,GezfEr,14,2iK8paKkGZYN1,4Iz@gmail.com,947
323,Tb1mTV,14,5vcX16,O5ZG2@gmail.com,4285
324,UlgzXi,48,nvpv1dgp53f2ol,mBd@gmail.com,7775
325,PDFTE,39,rN1RjUZ,yV0L@gmail.com,1318
326,o8MiR,22,pjA8KdeMz9fq,Afzx0gljH@gmail.com,322
327,kVIPFSiB,46,alV7trQb,sOyl@gmail.com,4337
328,Vu8A24uH,42,sbhr6xcZ73TNrTSE,dCkO4VPoBs@gmail.com,5713
329,EuLmn,23,VNu0o3b,6UmJA@gmail.com,215
330,Y7pyHif,17,i3wdqpB,hf5OY9@gmail.com,9082
331,iO3vCI,36,tVF4B8IvTW7Cw5qWv,f8ZcQvyt@gmail.com,1351
332,jvb0KjJ,26,GkAbtd41PHQaMk,WMO02uar@gmail.com,4802
333,AYQwMD,28,p4XhAAwCiNTNvI0tl,L6ynAd2c@gmail.com,9756
334,Jl4LVXMy,41,eMdcsHHHqvzrn6Qh,0p1cY@gmail.com,6554
335,hgRNgdkP,19,tK7j4tnv,T2evZ@gmail.com,6273
336,YLyrOm,20,x0jJML1ltb,rshjp18@gmail.com,6747
337,qEhmo0l7,52,Vr3JQoDEN6O,mw5BArrRtd@gmail.com,2999
338,8Ljt0yJ5Bd,36,ny8wnEG3,l5rnSVwu@gmail.com,4424
339,Qabl2,30,VBf4DRQ,pXzaLOFHF@gmail.com,6080
340,6yKtT,30,NjGnc3Tvf5D9m,rW4hR@gmail.com,2030
341,xd30N6,50,VXRXBOh,0IjBamFX@gmail.com,8913
342,WP9sPs,57,VuBGOqyLmd,THgQTVcK7@gmail.com,3086
343,rk9j05q,37,Y6RN0Fq,KmINsUoLL@gmail.com,4205
344,KcC9QIAwx,35,WTJrDUUHP1cqlPV,c4IdgXPK@gmail.com,6140
345,XUtg3uIyF,41,KXoygzfYZNhD5L3o,XH9TNQ@gmail.com,5678
346,U3JQXrPQ7z,24,nhln1hnyU1,AXTq1yH1@gmail.com,7439
347,9iKcv5kLM,35,6VifKjgjg,2z52lSE@gmail.com,4485
348,60igG,50,C4tg9H,YubQt@gmail.com,7572
349,vY4pQ5Biy,25,CS3osi4r3ykF,NRmn3U@gmail.com,796
350,XgqD1IaHma,48,NJUq14S7PKGv,eTIEh73LV@gmail.com,5032
351,xONj1PbJn,48,57mEci7WYZmdR69i,Ywap4qTV@gmail.com,6083
352,Fcx0b,52,RYEjjg8PrJg7,D5l@gmail.com,8086
353,6Xnax28,43,0M6lgX,9Du6Z2w@gmail.com,6071
354,Z1WY6j0gMC,50,1cDCwXm2,d2xR@gmail.com,3089
355,uNaziOi,32,4wpz5zt,IvqMS37q@gmail.com,2740
356,O1HHa,53,6sXSjk,hi5WA2Z@gmail.com,4752
357,ngyO6,33,lBYDaD,uOt8qJA@gmail.com,5781
358,It8FEP,23,1FVYCobI2T6kt,n0aMpIKLrY@gmail.com,2563
359,m35d4qDWJ3,52,TtSZuwAn3EM95gV,duZ8U0nD@gmail.com,9535
360,oGUNGWEd,48,KlsPxmyr,Qm22hhMFr@gmail.com,796
361,e7f5SKz0q,37,xrAxBu,nhKgp0m@gmail.com,9888
362,mg7mJ7,17,Tb0gUK,lQAmltUgaD@gmail.com,1501
363,TwO8Q,23,Vs7NMmQcK4i,L2yUoXzE@gmail.com,9023
364,LgEMq,55,63ZoHqYBQe2FK,THb4YBs@gmail.com,4046
365,c5R1q,50,YTxUlq2OFcKxx,ea62z83ZAH@gmail.com,6873
366,vLL2GWrLEx,15,sF6d4GP3noaaX7CQbo,gSDNpz5KK@gmail.com,8172
367,nvIjX,26,xtPp6B2ZicTj,dp6@gmail.com,6997
368,7bnHV,37,SqxBaNB2V4cx,7GXcY@gmail.com,6373
369,wOtu6bc,23,DKXtnUfoAAm8Gl,mugr3GIIS@gmail.com,5602
370,fV8pxA,58,cCDxYNdgxPt,zjqpvH@gmail.com,7526
371,90thFOCo09,35,B78dwqL6iG,xZEA@gmail.com,6417
372,JGMIx,19,eYTko2,9gxt@gmail.com,1654
373,oiSMpHrjR,38,c8ecrsxmuU,Ugj9w5jAk@gmail.com,9680
374,Yb3b02IxqR,36,jicmKfjuQR0MSZGJZ,xaTx@gmail.com,6997
375,mMM1U,56,yj2SLhXSfOi,1UzM2he@gmail.com,3042
376,QcOOvtTg,18,WYmVnYYgGldLRXC,Gmr@gmail.com,6328
377,JP76G4d,47,GpX7EHIY,YrGw@gmail.com,7595
378,KBhHm6,58,h56ODCrXz8,VEDZrQiC@gmail.com,314
379,Clb16gSbr,23,9ZOJMCMCTKB3iZdLvd,AYb5n@gmail.com,2186
380,6AqChnnu,22,Z2aOZk6HNo2XN,xdiX8@gmail.com,3864
381,uCDVfIME1,28,VnMu1lwK5uR,yKj2G@gmail.com,9898
382,iW4GWFgJ,21,ue3lhyUtwFnMvawN,gLz@gmail.com,6525
383,8dyNlYK9,35,NYz7czaijELVzF,Wjwdx@gmail.com,7285
384,y9zS0Gyq,28,hTYHJL8YKVH7jan,7Grrz6I@gmail.com,5970
385,HKBGd42fDb,55,6QzU5rTXvr,Vs8Oi@gmail.com,888
386,JRws9,17,Zj2KSAJbVytyMtNP,n3A@gmail.com,2175
387,Qvc9Ebz,30,X9ZIShwMYoQ2,io4qa@gmail.com,1413
388,2lrYF1dSf,26,rHxrG3x8NbygMelg9x,5tt@gmail.com,1823
389,u256seye,48,STZLh6uhbMkygNwIZ,3Ut5pU2Fmu@gmail.com,5468
390,fgLE3o,52,BzadCT,QjfQQ8@gmail.com,4906
391,bOjnWOx57T,37,sNWJsGHhWmwZyeL,5OTI@gmail.com,8938
392,4qoxTui6,26,DM59wM3YgeDvo8ihOW,qQxhb@gmail.com,7684
393,8oJFstTfjk,33,1ZzuVV8qHA,VMn@gmail.com,5785
394,WVkSM,47,YSCVeXua8ef9,rVluTce@gmail.com,7337
395,T9z3iba,26,3Yt1j8CYd,6jvmE4QCSj@gmail.com,3225
396,gKPX7yRi,53,e1ozlDlhr0QUhggJ,pkkJFUySy1@gmail.com,6659
397,uzHPc4fd,48,Ar0foR6j1wrsgJxE,kk5@gmail.com,7231
398,Um2sJ700kf,17,hPsXVUEdIZ9,VEOyHkkxQP@gmail.com,4600
399,je7PuY,14,TmPNAxosZDhT43n,SWnpWBU@gmail.com,98
400,1SZ6xIfAjO,52,FAKf3kx,xZRAL1@gmail.com,9682
401,ZIPwe84tL,44,UYQHLOb4aRkx3Kg,64hz@gmail.com,8761
402,sQSYeMm,23,2fReCYgcUJ,NGuTPg@gmail.com,6398
403,z27bA,38,ROTqqQ,RkJyJnbhRS@gmail.com,1427
404,a8rPCN7,55,bA1exA6hdP,ooF7Aw@gmail.com,2359
405,U84kc,16,qoJnFua2YhuQ8QfYI,VzYf@gmail.com,4310
406,jjvAjrUs50,25,rQRcJwsEHM22Aauc,tZPm0v@gmail.com,3283
407,K2su3gAD,55,pm7zyEXU,4lnl@gmail.com,782
408,iNAgNg,53,37MH9HrdZrPSDxd,sTZnANi5@gmail.com,6288
409,h8lRZCw,51,T3o1W59QFF,s9blVGc@gmail.com,5596
410,vrPXttCU,39,mngvKU0B249AyR4W,dmPMnI@gmail.com,2984
411,qMbIw02,44,VGDER4J0kSMaYpbyw,HroBMjmuO@gmail.com,5100
412,PEI39iG2p,16,dBcje4I7CiTbKnOJ,MZqeeWYph7@gmail.com,6667
413,ex3DfjE6xg,55,tNWlx7idzAXQvY78,brbr@gmail.com,9648
414,KjzssUUd64,14,2rMXvcVH7bOqBl,MpaScIG6@gmail.com,4855
415,SSc9N4Ksny,15,p4XM7VJE2so9gy7,pT3@gmail.com,2275
416,p25PMXbLZ,39,m0RrEoIiPz,9EkZtUD53h@gmail.com,656
417,Svxvwg3U,31,ozOu4lk5UdyPKKkvd,Cnc@gmail.com,7433
418,ukBENJ,55,OkNUzKFwsH,2iiGPG@gmail.com,9132
419,Vxxjl3B7p8,54,mQZZSFfxqo9zb3G7B,E5eF@gmail.com,6718
420,b4O146TR,17,4lW9besg,EVUD1@gmail.com,5447
421,sHimy,44,rN9klV2WhVZO2G0CNd,GJZRHw72sv@gmail.com,748
422,DsF3OwHhM,39,TlzRDPtw,r8cZanrb@gmail.com,3914
423,pPi6Ilog,23,ckTTar,dL5P1m@gmail.com,3211
424,69Ge6UHiA9,35,ezXoQJzkzl7k,w5I0TbU@gmail.com,6849
425,iQCFxrbqa9,43,BkPuNS,ZwN45Yq@gmail.com,3991
426,OhGh19OrcX,41,W2kXVJUqeX,3yH2pK3@gmail.com,1401
427,GxMVJE6,49,enXHVR1O01bk,gGQME1OOk@gmail.com,209
428,kDD18Un,50,OlLxASy8QMXnDwk,r1vgZ@gmail.com,4391
429,l36lGCAh,23,OCTwPkuBYvBmMfsIWl,lxtCYn7D7C@gmail.com,6832
430,GwvJNfDFZu,25,q2g9NOOE49UpRbgQ,obzq4@gmail.com,9677
431,MN3wD,55,i4i3awJkyKS9x3,FDwBjFb@gmail.com,2361
432,euWZDmXZo,50,TpMNaXnORObcy5KNU,rdb@gmail.com,8682
433,yXwa0Wfb,22,Uk0gnjAy,ybuy5lW@gmail.com,335
434,CcidGcpa,30,YYfUMUvxpQA,cVrlsht@gmail.com,6356
435,YX5v6L5,29,9fN3L9p,6EoSkOI8@gmail.com,4041
436,zERKUA,40,tTn6RUv,xhdflE@gmail.com,5661
437,BJt6k,48,2ugvNTJ5XavhYPR8e,LTj4B@gmail.com,2912
438,P3jpyf,41,DvAy1rgVLs0cej,sVWO@gmail.com,7009
439,shy2C,46,pGQKUn2FgU5,xzK0VL@gmail.com,1088
440,ztNyI,53,wZzJAmhZVxB,y2nw@gmail.com,548
441,SpRdEUAkp,25,WeRuHEV99,fTpUN4PW@gmail.com,241
442,sNs9v,29,ELqdXaYYkgYFKvBu,ZC0@gmail.com,7692
443,QbiPr6LlsX,30,i2KWQIekODwpgGC,mfNs@gmail.com,2674
444,ZBN6qlJ,44,QttBdpgvUWlUAqdGH,2MRft@gmail.com,5286
445,g5irT,51,Wt37t6xGCD,VUlr74S@gmail.com,8940
446,GMI1TfttZ,32,KlopPj0lhAAvofTB,KVIHZsyOJ@gmail.com,3111
447,50nno86ID,21,gjWVqkxU68QNV,xKA17Sa@gmail.com,4576
448,MqfsrZW,24,lfShFjuOYf6vZi36,tgDpXnbFGH@gmail.com,5655
449,Cf1dhcmxIL,44,L4G9nrQf,Gwz2znL@gmail.com,2541
450,3aSYsETPy,45,Y2YKdJr3Snotxkrx,fdAX@gmail.com,6127
451,uTXxb,32,kioX2SvsBE9zG,gvoIwr@gmail.com,3255
452,FgIAhp8Yt,56,ywVkG0F5G,DRduexYqlu@gmail.com,9893
453,ANBCdZ,50,6G1dB1,Yqq@gmail.com,1350
454,aGIfPrZp,22,IUnLaIl,b1B9aaqiU@gmail.com,8788
455,op8eB,50,JjkQGxHgi0NBA420,LH45A@gmail.com,8835
456,qOImd,55,KJbkSKXKpnnMeHgD0U,uDn0YHi@gmail.com,6050
457,VARMNF,19,aXzgKKGCmik,mmIrq2e5@gmail.com,4705
458,d7Ggs0,20,L8rONJ0KGbQKSIGc9,6YMSZhpiv@gmail.com,913
459,DPmwU6rrL,50,3vBh16amVm9L,ew3aI@gmail.com,1653
460,WCawQgW,44,wGkmE5HbE1nETNvP,m6AI3cB@gmail.com,1169
461,XOsNP0tfT,54,DTTyFGVZPHTmmXC,Wt0@gmail.com,3974
462,zHZq75,33,ZaUAu2kAonbQAnCyO5,rYE@gmail.com,5203
463,vtnCX,22,gGWmEQR71psWONmc7s,gf1S7X3cvS@gmail.com,918
464,sEpANHTGSZ,22,YsclNVva2igm,hM2ntqFs@gmail.com,9892
465,K32FZV,48,LOng2h,Ib9@gmail.com,2475
466,F4EpiRME,37,iTrUKKUqohFS1qN,DlStk@gmail.com,4634
467,PUMSVu,51,ZR86IB2u9OOnzPEz,weZ@gmail.com,6523
468,glCh9F,24,aYMkoQu,U0YesuXp0q@gmail.com,9598
469,dfTSuIgtBy,38,TAK9DNx8j,Ijt5yI8FP@gmail.com,2974
470,oiIRfC,32,Rzkq3m,Usv@gmail.com,9599
471,ZWNR9B,58,CTva9T,1XyG3o@gmail.com,9606
472,Q4CYA8e,35,9ttDM0e,ish@gmail.com,6303
473,aoCPZ,20,dpVRzxVI1o,pxg3Z1rKw@gmail.com,8938
474,NfeGm,40,b3WNtGQ3PNZaIGBmqZ,4IOxCTHNsA@gmail.com,5251
475,4p0nbCoq,47,YqVeVBEJ7QnBK74,1KQCSJ9C@gmail.com,9552
476,qzdbsrX,36,i4z1rl9,cUlLHQhb@gmail.com,2882
477,ZViQiPoj1p,41,JpKtNT1FycfImt2Va,jI6vLvacc@gmail.com,668
478,tWXmM,21,fayuBCub94QYKs,eZK@gmail.com,3192
479,dF0T3Ftpv,16,315m3aZVpW,ik2@gmail.com,7237
480,VtEJImRG,44,FtWf7TiMCkDh5up2,VQ0@gmail.com,876
481,6mwy8ObMyY,25,OTcIYoc6uudDox49hb,9ALb@gmail.com,4200
482,GH5k3m,55,jAsQF9I5S,0hC@gmail.com,7748
483,gbbhA473n,52,CI3dpcDwH00,APeCNYWT@gmail.com,4036
484,jnQ8p,29,Ebr7XlQ,9UwVf4@gmail.com,9412
485,ImIPxk3CT0,25,Ip6R5SFueUNm9,YL42n5v@gmail.com,9182
486,Qv6STLt80n,23,m09HsMzrZifk8h,cJwRX@gmail.com,6668
487,FBOlZ,36,phGa0d5LDPIrV,l3pHdSc@gmail.com,3592
488,KtWbEhZ2,55,BvDbGV3De5cxiZc,FSFfL@gmail.com,2439
489,m3N8g,37,oJE91OUQN7r,YotN6@gmail.com,3896
490,dA98ri,23,tLfRjqx,RkW5He@gmail.com,5628
491,lNIo3Q12qg,28,bJ1u05hXC8Vcf,CbG2Q4@gmail.com,6161
492,Hj7a4q8,44,7InP1YsLgR,DlQU@gmail.com,8892
493,NbuB1ADp,22,ilEBi7,0xDLXyVV2@gmail.com,4392
494,UtAp5bs,38,093BNY7BGX,Xslf7@gmail.com,918
495,Y6ESy,31,tFlIBaXb7Cey,SkkgP@gmail.com,1624
496,p2urEie6,33,sJMEDiLBq3V,jis@gmail.com,8460
497,4B6ZhBZva,33,aAujTHsaTHaEeYibsI,h9rW@gmail.com,1032
498,aUEiYLb,45,9iPPwYUKAsh6,674TpGS8@gmail.com,2975
499,LT7gST,34,dtB92Gpoa,bREMA@gmail.com,5459
500,4B2g2wMd2,39,Zc1ECWimBAye9I3,FtT@gmail.com,5167
501,giW3DGVUA5,34,C0Qj9kPyS,NWpnhNgZ@gmail.com,638
502,ccG0nLjHK,18,VYUVpu1Phyu1SBC,gCeyKJumH8@gmail.com,3268
503,qgXT1,39,rJ7HN0Df2VIVfEUzjn,ChBh6ONyB@gmail.com,3258
504,JUq6wCx6,45,0ffVxXHGoV,TTnoR6v2K@gmail.com,1594
505,7nqrmFh9,51,jmszRJ5LW8wU,68Qb122Zy@gmail.com,7021
506,WN9KnPJojo,14,hnyrMR2IqgTTaf,AvlS@gmail.com,9270
507,yeTKviKGSZ,27,kJaMNCUfkGi,BHrnRvC@gmail.com,8730
508,CWf0Rpoz2Z,24,Ta4XXTqTtZP,MBL8A@gmail.com,7460
509,aVQ7ipu,30,ue8pjg09,vn9X0@gmail.com,7443
510,0usDS7b,19,dnlAzfW,KrzExweyg@gmail.com,64
511,dy6Pi,49,VOGt0yO59seuwUtZ0f,o76@gmail.com,8386
512,By4p10GAIC,22,M0zKgG24Hq,SnK@gmail.com,7952
513,0BgFO,16,QwscVyO17,ACVd7fIgy@gmail.com,3644
514,GQcO1akAco,17,gviTREl0,7H3e22tXF4@gmail.com,8640
515,T9MGS,21,E3MAgAQ1qX,j12BSxo@gmail.com,2922
516,O5bwNu814s,17,OMLlMHEai65S,WKAn4UVPri@gmail.com,5269
517,XQGOjrea41,42,eO1xh45NDxP,QdH@gmail.com,5990
518,69dHdyN,52,vrNo80HBDZRcN,gsdO@gmail.com,7654
519,1mqed9AbnD,44,75o17gmTXpLr,Ql9bs5Mtf@gmail.com,5289
520,PwOLHUi7,14,ibcYVpaR,tvZGp0lJxD@gmail.com,2133
521,9mAG0Z,16,pNVctYCDUdqbYw,HgRD5@gmail.com,1229
522,Fkz7jpGlPR,49,vCzBSDBLS6TxdO,YoqK@gmail.com,9644
523,ZTNad65,47,qiJnbFz36O2qDuKP,K1wjuG@gmail.com,8075
524,xn1aK5,49,Vief3vOo967ITyfQeZ,wYet2T7@gmail.com,4177
525,TZML8Dor,49,ahUvNjtsmwQW5,j6o@gmail.com,782
526,fcUU0mBNT,46,LQ5eAJ,Zz3xgaYD@gmail.com,4599
527,KlSknlS0i,49,cIK5xDc0Y,i4re1j1@gmail.com,5448
528,CqmLIQw,57,HZrqkoN,fSot5@gmail.com,3411
529,7XCYRjjZtZ,39,E0nQkKw4WLt7,k2B5c4y@gmail.com,2165
530,7HBnjxj,18,UxtjSLPj,Mhgu7t9v@gmail.com,3760
531,Vk8DGHK,17,KZOMdQFOCxO,ItrYP@gmail.com,5944
532,XGKrj6M,25,VWntBJB,XZ8vutbRkA@gmail.com,1290
533,WraN3e,34,hTdpEq,XfODXcd2h@gmail.com,1639
534,V0vtRG2Rv,24,mvavbzk3,HFd@gmail.com,938
535,WXe9ws,36,iJhoTuk,GC2r@gmail.com,3831
536,sQpdqCSq,14,KcX97FAYO5ZM,y2zwJrp@gmail.com,81
537,FugsDW,31,Yxs1srmc5c,Xea@gmail.com,3270
538,DSU54W5Hh,32,tS2j6Ai,e2ibXS@gmail.com,410
539,wYqL44II,49,lDVAjj8,WKYMtBA@gmail.com,4552
540,L3uxJrvuPd,40,kmg0nSuX0JydNqSe2r,lRwVoVl6ip@gmail.com,2653
541,4HAQcjLBlw,24,g61B7vLE7Sg5c3,5X1nf5u@gmail.com,4168
542,Ki6Baaz,26,uhNEKIuEom,Aeew@gmail.com,7025
543,HKXVCzlPz,36,JuWsVyURve,EnjUkj6NHR@gmail.com,2028
544,wmfzA8,36,D8LjlDfRgB2uSON,b9e0HjD1c@gmail.com,4777
545,vgrlnAXZ,24,itvGbcOom6tPrgFjK,8SCABBEMCV@gmail.com,2564
546,6cYKZjd,33,fjHgPrnpmmxphG8m6E,fjAozVS@gmail.com,9572
547,7DFfDgYpfa,49,DqyTTpVK8fvUGoQAf,nxbK9pWJg@gmail.com,5460
548,fxFhfk,43,york1tm0V5E3KZgMw,FtgrjUV5@gmail.com,8606
549,E8LnmSiBk,37,CUqBmrXsOGH3HTwU,Z9Y@gmail.com,5448
550,QaBd9,23,H4RnRwl7,Xbq@gmail.com,6758
551,tP7fXpe,27,BQtGKWivH6c,ik4Nk@gmail.com,6552
552,SMjkmnL,58,Zm3bW5,jN0myv@gmail.com,4011
553,hp2huY,15,vXufDiDYefR5,2yny7T@gmail.com,5939
554,FtWAjZFf,40,YbyeebZtPZZmc6Vy2,Wa4@gmail.com,5358
555,lzj4G3dYf9,58,qqhkMMmx,oVVrpFKZe@gmail.com,2064
556,fo9963ss,32,9cWxjWh,2negJ@gmail.com,8538
557,AWYvNnd,54,lYxGq3hZFbEyhY2X,VGjB@gmail.com,9555
558,Icgj0To3I,54,AZKOzhnTxiNlrQ,yvf9@gmail.com,3683
559,3BBVn0j,31,eQ8houMTMnBjl8i,fvAaK@gmail.com,4382
560,VekENKDLf,36,M5SHv0w2jq,MujAGH6@gmail.com,4006
561,QCVAnnsD,28,AUuf5WqE,1qkSIk9pI@gmail.com,9491
562,Ydd1yN,43,wuAGTpI21z3i,bAm@gmail.com,4936
563,4Z6UzFDMl,24,J0kceOx2D,w6Ehb@gmail.com,4682
564,sbc9TDd,29,uno0Hs627KhKSJsNm,gY6RvYN0A@gmail.com,5946
565,EX1ASYXoX,51,Yd5d8s3skWrs,z19aPp7h6@gmail.com,5592
566,0ttgsL,32,sGfxzW,mPb7T4@gmail.com,8938
567,wPP2TaEz,22,VyHw5W,FiSiy1Or@gmail.com,532
568,KNOmPK,52,qsH0OjX8YBERu2l4,LuyziU@gmail.com,3541
569,MZ0rilph,28,UVtioy9E2gYw83G5L,JHk4KzYf@gmail.com,8235
570,OzUMxMRhR,24,QaZ3PgIzwCpoh,KQG62yci@gmail.com,2058
571,UisbNUBd,51,MsVafgxCAy29GN,qx8@gmail.com,5929
572,kzKGB,52,4d4CsBbc,JKWpeOjLev@gmail.com,2316
573,Xkt6rO,25,qVxc15KuBmTRLx9,IvjrO05S@gmail.com,9418
574,XiPjargV6,21,jhVINNAG,TMxi@gmail.com,9052
575,UTh9d4,45,m3MyK6f,9BuNDQZvD@gmail.com,256
576,57LbFh,22,tyAVwX2GYI0,ydYjX97su@gmail.com,1105
577,5SA9z,43,g3gwXR,86Daxs0E@gmail.com,4839
578,OZnd8hI,15,xcaDMgPf3h2GDYzpHS,j3MiI@gmail.com,7697
579,D5QEc,36,IwqfKCXxoMVoS,417@gmail.com,253
580,OvuaSsKbri,40,q4HtY6fJNSEWlU1,p2JxW70WZ8@gmail.com,4084
581,s9kgf7GIM,43,xWgBXyuZdkRzpl,WRde@gmail.com,3320
582,OnfSkVBPZP,15,hHBOQl,mJmbWji@gmail.com,1414
583,1l8GF,15,AZVkxZF6G3x,j57FtjOuK@gmail.com,9991
584,RrxRAa,45,YcHI3f4GZ,lhN@gmail.com,8559
585,tHGdeHse22,54,sqwcvKnj6h,bFEDNj@gmail.com,9116
586,mJW2b4mN,49,GL5CMsd1,eK1pZqK6c@gmail.com,9381
587,AuM8S3vZC0,54,4lK0gyV,0J2@gmail.com,3789
588,NaXoaBg00,45,j4PG5NcU,cEMjI@gmail.com,2442
589,P8vOw,16,ldCZg6,CR1dP8X4@gmail.com,6021
590,qMGqm,30,TxxruT5Rqq,cgW@gmail.com,5143
591,Yb8Ij,22,DA1RKn8BHHKbi,2Tjhzod@gmail.com,1757
592,dYAi19PnKZ,40,ZnYIjxw9dy,1bD8C@gmail.com,9307
593,iicnpM7WC,45,bqNS13ksChJ2fL,bYfLJi@gmail.com,4920
594,z3srLHraMY,23,yo0MVsys,xpJHkTcMi@gmail.com,1380
595,Z7CtE8LC,53,9PcBEVXUTD,S3KfU@gmail.com,6818
596,NTkuJ,55,7JBg9ixzKAb,EDXEzinyc@gmail.com,2410
597,3PqGLGe6Gg,29,r02wn2iUHWPB2Z1A2,im0NvDMzvd@gmail.com,1835
598,zrjBGULIS7,50,U1Q1MohyGIZDigFOqF,o8y@gmail.com,2965
599,JST2P,54,hl3KIlnHVXi4,9IzKnnpJ@gmail.com,4250
600,R9IFO,45,KjWlNK8tbX8k2Y,up1qGS@gmail.com,3490
601,3fT73Q,30,HtzJM3i0SjQP5,4x97nawo@gmail.com,2824
602,vwYaJJE,54,glcU66mdyG,q1k5F@gmail.com,262
603,OsCBqxSxhP,43,LMFsgN0HkEoIRMCW8t,8f3Stp@gmail.com,7445
604,lktG3H6,39,JaWaooRucx6ou,hgsmBg9@gmail.com,5529
605,dHnqn1,37,0kbmyFWcWMBG5fY,nMm1@gmail.com,4914
606,CRPbcKTI,35,7zqsTrmv0HlULB1d,4dsSE@gmail.com,157
607,nsnG8gnG2a,19,wdCyJts8hieePw,QKS5M@gmail.com,8295
608,ctUlw,52,aAH1XSLVH,YLSi3m@gmail.com,9486
609,FfPVFChQI8,30,YK8tiMG,BEVEp@gmail.com,5831
610,ocz4244rt,39,W4FVW8D9,jXJ@gmail.com,6581
611,uZJvHop,17,y0xNC0,bdTYd9hEm3@gmail.com,6290
612,2kiJNDeB2H,27,TOK2XWNTuqFMx,KVBPIa@gmail.com,7146
613,DCcGVmRz,44,NwHY1AmWSi7lf,zGWfnj23VY@gmail.com,5457
614,iiocEh2XMj,22,lHFYyDqQuV3vm2,IoOpH@gmail.com,2213
615,BpzDz,38,DBs8j2,csBnF7LnP@gmail.com,3159
616,iCzTmjf8,37,Bg5UNl1ftJj,nnMq@gmail.com,8948
617,67kgjep,45,iXQsrluZpsH,gpXJnm@gmail.com,5050
618,kr35Gf2,37,WYw03jIsyyBqU1,zI8uVfu@gmail.com,4754
619,hYDsepozcp,30,HbUplPiLNAI7zc,zzHDQLw2wr@gmail.com,8796
620,Rsvtw5m3,55,1XeBRXsvqncYNu6SZR,j7d@gmail.com,4025
621,dtDni7UR,17,CGwDKuW,ZtN@gmail.com,9060
622,IkWT1gGvLR,50,V8ZO1kk3lUs8,g28VHkv0@gmail.com,3057
623,2m0NUw,45,UWyyu6A7M2wd8,b43Xuv@gmail.com,5998
624,MglAhhs,25,fCbxla1,888faV2ffT@gmail.com,99
625,csjhqLfZ,23,eV59PwcBu,TUHRX@gmail.com,2590
626,Ndx3elvagf,22,4NzxTHPPzsfDVxC,Ne6r9Otp@gmail.com,7989
627,EKqQoZ,20,obTcVKEVB,ptep62v9@gmail.com,3757
628,UtT5qOcicb,45,KBeHUD2C,JZrrax@gmail.com,1389
629,p9KXSYtmfp,26,JXbHYjlIC1D7fz,rjdMe9ihLA@gmail.com,5491
630,5o1G7,37,NeQxJpFJiAJOMqjG,1u2KDE5b@gmail.com,2786
631,z1N10G,31,4ZNuMEoEPijIYUh,xxmqmPnC@gmail.com,1578
632,nqmWzp,25,aW1prtR,2HdNHk92@gmail.com,8330
633,ETpVe1XTL,53,0UMGQ9,fTayLZDn@gmail.com,6756
634,vwhPRPqun,50,ib0tckJUSZgvjZR9yc,oOF2esk@gmail.com,1849
635,5GUsC4,51,BGqXGZ1G5TwWSLhx,6A5gaO@gmail.com,4240
636,dvQqzK,48,OXOiyy,Czu18O2fiY@gmail.com,9945
637,2au7qU379,44,mcdI4C5,xD8U@gmail.com,4387
638,V0pGc,49,RXdj9RQmEs7zt,WtEV8n8mk@gmail.com,3675
639,dLyiaNOeay,49,jJISUXbIE77,ukzFd5wf@gmail.com,118
640,rPTD7XXB,40,ToOe7t4seHR441sVy,YJPI@gmail.com,7225
641,H1q3T,25,bKx0lX,YFfc608lHa@gmail.com,3628
642,IQ5B80NG,22,ZQGr2WW0hi1s6,5c3j2InIx@gmail.com,4681
643,yBT4br,35,34JcMDorMtFBV,K5MYfbRT1m@gmail.com,8238
644,eDWk2HqN,44,EQj0JLYG90jD,Wp3AjUYuj@gmail.com,7294
645,Pgne0JsKSU,32,APCWaFwplbtbTZY4t,Sh1tT@gmail.com,6560
646,dXPuCQPW,40,Gn5SP5MEa43YEjCC,BTYibev@gmail.com,7448
647,u3vGdt,33,KBerAlKa4IfE2Ep,pv7UZ@gmail.com,4440
648,DPr3qX,32,d5jopdhXnRMcOsmRF,9Dmg1eg@gmail.com,9310
649,1fSOv,25,UlJQ2eL3gEMtv0U,z7JT7R@gmail.com,7386
650,QeWPmjy4,16,EcBEuCBSZzv7y5lF,PLCn@gmail.com,8781
651,Z55ywpDc,29,K6yV0BlHKnjYE,UNa@gmail.com,2391
652,Dkdy1JrdU,15,DeMBC9yUXgDORahT6G,Xtn@gmail.com,4160
653,IYfL4oj5Ck,14,cHRlnXLAPdndpCm,dqfZ@gmail.com,8644
654,LpJ92pSp8,56,XCXc36Gx5c8lkWlR6,W1899@gmail.com,6375
655,7heLqf,22,4qNQPj,hPJIp@gmail.com,4318
656,rrYCo,40,LJCgOTNIEbXSBK,WelLet@gmail.com,5421
657,Q5hgQeA,31,qvKArUJPWWnF7FqmM,SZHTvZFI2@gmail.com,6140
658,fQynxACXE,27,7f4RWe,DdMlo@gmail.com,6604
659,nBgyVV,57,69rJYd76Ca8,U0uBDi6@gmail.com,6290
660,N2ytS,56,jruKVo0xYtw,YYrnbv0b4l@gmail.com,2816
661,SjpbYF4,31,LclzZt,IOvN8Mpv@gmail.com,8264
662,m8h4N,42,vlRg5TF,GU6jnjC@gmail.com,9550
663,u2wsV47tir,41,a3NkINvcWNz,UPPjgnTJy4@gmail.com,736
664,nOpJNxw29q,27,VlM8Y4GZz,O24GBNQt@gmail.com,6589
665,gBuTOC,32,uHDbkS,QCy0HVCLKO@gmail.com,3364
666,GZM2tIK,34,B7qRrfJTsKHa,ycL1@gmail.com,4141
667,77UYId76r,19,y7liq93ZfiXIi,B2tgsD@gmail.com,2974
668,enNog,29,zaobW1v1Hwc,4NV5o@gmail.com,5637
669,ot5DS4x,22,L4FQn3kEoAJ9OV,DsyJIhxXP@gmail.com,2065
670,43OWBNv,53,i5s4d6tvE,lQ4@gmail.com,3248
671,JzA1wZMb,36,CReoEe,eZW@gmail.com,2188
672,1peV6eK,19,yfnn9szQ0Q5oJokIj2,LU668L@gmail.com,3412
673,7uFOuqnhbM,52,V1QNss0lOSsu,xiCsa@gmail.com,7261
674,PqkC46zd,56,FxLY246kop,cz7j@gmail.com,3746
675,wYVCiGx2j,44,lEfiRVvLZz7EF,stKNW8Ha@gmail.com,8562
676,sKrCRmUlM,36,u158EJBuk9FYYFgoib,aacBF@gmail.com,9668
677,jWxZzlZgg,53,dECrMts86DOw,Uu7w8LyH94@gmail.com,8123
678,1SiF0G,50,qn1TYNWERT9c9,6h8GNl@gmail.com,9144
679,LSheAfn,24,ROCwGxfq1ok0pMJlE,JGG@gmail.com,1877
680,f0Cg1pWXHY,51,RFTr2kwC,bLxoIZKe@gmail.com,6192
681,tTLae,46,96X4ReJO,tbsc75xO6@gmail.com,4101
682,6EHnV9nzmR,46,abIgPn5vd,aml@gmail.com,7035
683,ZIgYq,34,wwHd9YYv1mJsDS,ETN4goKV@gmail.com,6822
684,lyUWafeoV,52,zhqT1J,VswpepR@gmail.com,6600
685,HCqWQ,56,gh2dNYbK6QwPLmIbAl,LrsVub@gmail.com,2557
686,dyxWyJ,50,3bYtP9xNLBXJxj5,c9cwLDk6Xr@gmail.com,4656
687,udAhhyDbn,51,pKXI4EFt,rnU7@gmail.com,9397
688,auU9czzDU,36,iB54jT7fxAz0j,6hohXEK3@gmail.com,2075
689,z8hRLowM,33,ISAbtzX,qB8be25aZu@gmail.com,2115
690,unzGa,23,kDbelj3dZzW9,bmzJRpTea@gmail.com,3517
691,RZQH54b2a,53,u3Y26J,z18x@gmail.com,5295
692,MqzKuubd,52,ezvWtJgVmDItJx,Bv1kZ@gmail.com,6972
693,dqPSiQy2,50,jPBGSpA159A,AYy@gmail.com,3580
694,56eznroC,53,H5yvD4sLQ,xVhH5Xu@gmail.com,3224
695,mxlz3,22,OWv6J24e,K67@gmail.com,7286
696,QP4xM,17,mqJizBsW60D,85rmKUVKx@gmail.com,3370
697,BLUHj9cD,26,ntZO9gCOsAo,lx5Ijl9SOd@gmail.com,6693
698,XxMcvWf,26,wwA5yVEWeW,1TX1E@gmail.com,2602
699,A69vkQRdLH,29,MvGtIXJxcHoww,GLlsC@gmail.com,2457
700,E0XXb,47,pBsU5tSSsXkfbt8,DIwttbINP@gmail.com,3770
701,5eIcRbqnu,43,8TnwRKevZRoOh,dUO8RSJ@gmail.com,7045
702,YZhnKziUC,43,pkpTOvijt,uZjJNvJ@gmail.com,8140
703,Vi9cQUg2x,34,ZRCGy7yf,d8GXDu@gmail.com,3796
704,OSNJE,37,hzc8Trk,7lo@gmail.com,5838
705,sSm9fT4nx,48,og5LFd,spyYn@gmail.com,5317
706,A71R6ns,25,2Km99dm4GWtR3Y,W3QXxzDQ5e@gmail.com,4191
707,hFo2oG,55,28Wa34WHd1WPjE,gs8zc9@gmail.com,8293
708,m1nhj2ZOSi,28,NxWDE427I5Oonc,yCr3@gmail.com,9771
709,o7yLEX,25,U7kSl2dpnu7xEMU4,wKblEuny@gmail.com,692
710,YO9ENk,22,ePshPUP8,cehA@gmail.com,3087
711,ogFeK0I8,21,uh8rjMd1zJFXp3,x5hK@gmail.com,2139
712,I4wHMQCtQ5,56,wPH8TVYHZxPXVZ45n2,d10@gmail.com,8229
713,jRw7qTvPz,39,D7lUIYaZv93djcQ,3nooc19xlW@gmail.com,446
714,x6Agk43w,58,4vwOLUNpeEfpUOr,8hijxNyd@gmail.com,7282
715,klq0j,17,aFkbhqo38Nax,e5B9Gh9@gmail.com,4991
716,MFr9G,50,OeK330N7Ak,gxFm@gmail.com,2800
717,IY3FaX,29,I7tpVo,9Dml@gmail.com,8640
718,Q6OZX6dtAK,43,0snPrWWaup4G4,5qmJXKG@gmail.com,301
719,cpS64j,56,ErIGBr9aCpvsGP,20hdl@gmail.com,6086
720,BIEYm6h,51,MdVqShhH,UhXfuq@gmail.com,3548
721,9BKeC,22,WEORkQzhqw6mg,znln@gmail.com,6893
722,YxpDm,48,0x98EJ7CLU,lPS@gmail.com,6887
723,aTBeOvlhm,54,CcHdUOy,SmLTAYuMGy@gmail.com,8440
724,HquPfRaT,36,DfTsAjPVS8acC,pTED@gmail.com,1081
725,1CbR8KYj,17,bLjhAUdEbCAT,OMjrxO8UnT@gmail.com,5697
726,s6FTnb8u,30,tudyO1XShpn,s2IZfTGfY@gmail.com,4860
727,GvHLLR,26,rUpTnYqdmLX6EK,ShL4rV@gmail.com,4854
728,esCu7jpWDw,49,9HUfkqDMU,BNCV01@gmail.com,6960
729,88UvO0wDzB,55,8C6Z9W1gqiQcNozoT,3o5@gmail.com,1542
730,7kUPIs,48,UVfXeldJ9Rn,QWzB4b2OE@gmail.com,2130
731,XVIDB6V7,45,p2Ylq9K7l,bUgfML2@gmail.com,6701
732,2i7c7axEr,35,h0VHulU,eaQIg@gmail.com,1253
733,R6rzd6i9aW,20,0SAER8wR1gg29Pg,OryQg2kT@gmail.com,6961
734,C8MgzzC,22,aZIfr6T53E2Nl,4cCKt@gmail.com,6949
735,seRW0D4,52,lemgv4uimA,15O@gmail.com,4865
736,1Zmy4NK,27,dux0tPe,yovnVNpxX4@gmail.com,3454
737,ucdnxnU,37,gRjhSzEIuIfpJLqHl,A90WYh60@gmail.com,1115
738,uBTHz,16,kGJnECCGGW,tCDnB@gmail.com,5979
739,r1XVR,20,afOmc3c32EnEI,UzPMn@gmail.com,2666
740,3kFUoy,48,bfethxtJF2QD,Qy6@gmail.com,3287
741,cIcxY,50,vBSP97sHugA2jSLCB,LS1PY4xfF@gmail.com,7336
742,EP8TRcg,54,e1vtg0NXZt,LlJ@gmail.com,5127
743,IkIi9Epb,45,5wWtGWWoUCkliF,mjzXbjNN@gmail.com,3074
744,yzD6yA,21,vBJkzJAYWjl,7bLR@gmail.com,3192
745,PCPAt,42,UqyIVj6ufE5NJalBM,v7rFK9@gmail.com,8894
746,EBZ6U,17,tHRd9qrMQa,EQ8@gmail.com,9632
747,2oFFNOvk,25,Zrk0tuYSvgr6O,MVvGXkKY@gmail.com,4425
748,JuvEKWxxKR,21,9Y43rIS,iP1KQACa3I@gmail.com,4405
749,DfxeLC3bW,48,er132RgO,tqea@gmail.com,1678
750,qEzKUU02,18,8QGTb9kE,abBBZvy@gmail.com,3452
751,sV5mJzQ,39,F8nRF4Nh23RW,qdK@gmail.com,904
752,G8JgO,24,65VmbwdOw8q5zmU01k,ssRXt4hK8W@gmail.com,6930
753,BxRxH2uVQ,16,jNhZqyQNgz,ePX@gmail.com,3342
754,mS80U3zfUc,44,H3GOulVW7j0sbyxuW,abvRTEwYyX@gmail.com,2699
755,vhZkxgnH,55,JwZYNC7UcJXatGVv,MhetkED0@gmail.com,616
756,SW3NjJG8Y,57,grG17omTEFXl,nsczKU@gmail.com,2625
757,or07tITf,41,gu8GQrNks,F0XSCo@gmail.com,3838
758,f3tyUaN,44,yzZAIQRF29yhhO,RaH7k@gmail.com,5055
759,BlyvMzDp,58,74G5oR,lbx6vGk2zr@gmail.com,4778
760,JPBvsV,53,4zljSP1G,96CyuKoo4@gmail.com,5994
761,EV3P6,15,gMlNvU,WZq@gmail.com,8563
762,C84H2ukY1X,39,Fb5o48j5,dSEsHTiO@gmail.com,2230
763,a7m2QE5Xc,54,ZLiOZ2Lc,4E1Sc5FdK@gmail.com,561
764,kZuzh8ifI,54,nwXmi7,6hWJbM9Rj@gmail.com,6003
765,I3B9Egp12,19,5y7OJ68,bqcTh6@gmail.com,4155
766,Inqmy,58,yWneGfows2,hNLdp6l@gmail.com,2705
767,DffBoI3Wh0,49,GNNgekbHKT,CPTDsH@gmail.com,9378
768,cDY2wwsHC,47,7u5WjS6frd,JRXmBJ0UJ@gmail.com,3127
769,LjUipNRUH4,25,yKVpVUqKZwjiQCv,Iz9M@gmail.com,2636
770,S2chSJ8qm,39,wK63MTYhFWg,1OTgI@gmail.com,8721
771,OMxJiSxze,26,BvAEjNeaKTyJSr,clk@gmail.com,9990
772,ftbfV6Tc,26,sJhry8zU09A,gNiGJoLDc@gmail.com,9644
773,M1j0e8C,18,J7bwSz4lWN,orbIh@gmail.com,7284
774,tfjbk776,42,dkUjhTVDxex97e,YkEb7VRPUg@gmail.com,9765
775,4fIMm,30,Sczeax2zQcJR,PnwX8ag5b@gmail.com,3190
776,pRMmd55iv,33,u2BRkTaOj1qlTN,w1SBJKViM@gmail.com,2862
777,SEmiiZtHr1,41,LDxQhqrSHTHFf5QPj,qauJ4@gmail.com,9221
778,0vXUstdQ,32,S1YS3O148,cZPjxACv@gmail.com,9199
779,aEaCvCqQ8,29,d7d1GkcC6Bl,NRtKaET@gmail.com,2734
780,ZrRuh4Z7iM,35,w3XdPLpg0IVqGe,jC14zOI@gmail.com,150
781,jiRTE,33,a5d32Ykk11v36p,RID@gmail.com,4518
782,1a7T5,26,ekkggIN4oUcS,DjqmUX@gmail.com,909
783,AGAKOKde,42,wyaio5OS1T,NAn@gmail.com,2264
784,uI2wcMrIJ,21,uQt4mv9EBBYN,qIr@gmail.com,8768
785,xBaVE,48,YKBuLvP2lgrYb,qYgC8xx19O@gmail.com,1540
786,vQN8AootlD,35,wh132Hoks46C6fvdrr,iNvo7Cp@gmail.com,6942
787,Mud4e,40,KY4xDf,D4a@gmail.com,387
788,pjPHsGBqQ,54,1aL6K6KZ9NIr,xum0Lzv@gmail.com,6945
789,F9bHh4,26,em29hldhcKKpt8d8p,0dIAOpY@gmail.com,3096
790,v2lc3,39,0DbOUAI6QXZVxaaD,isumLt@gmail.com,6076
791,FB7qJ,47,m2vUjLyoHSDlBGf,vDch75k@gmail.com,7221
792,KfWLkk5wrh,44,T1ayO1r6YDlqyoDR9I,zwx7@gmail.com,3744
793,bImi7,41,aruDf4Q1,eDz@gmail.com,3519
794,UmzehcvTd,14,y4YHaobRIH9i,H2S@gmail.com,1984
795,aPCcC4Ig,25,yA9iOK,pI4LQIzSfJ@gmail.com,4565
796,yRpV21Mapy,40,kTnKi1Vc91i7Wk,MZI8Ko3v0i@gmail.com,9121
797,tW16o,50,Nd1if78NbTQofNu,pI35G@gmail.com,5680
798,0U8oYlD,19,03rkH1HVUkG,Te0j0cdJ3@gmail.com,8266
799,554eb,28,cfZEcbrv,QKf8xD@gmail.com,2164
800,Xbg6opk,45,2MfBMt8tUW80Gd9,KtvAAFW6@gmail.com,7760
801,4YyTDCQHUx,29,Fizk9jhxS2j4vd6BW8,zUzL1Acy@gmail.com,6757
802,9aVDfw,25,i2xAuKSE6e8ZQXQ5q8,xDOwfyq@gmail.com,2494
803,Sdo2HJP2ii,25,97XKCQaPUa,VmErderb@gmail.com,9489
804,lzNVOPdMm,30,5KPWsHXqokQIghdA,yBOXM423E1@gmail.com,2051
805,zgOLU7,16,oJCuiIGf5CxLt,ib9dV@gmail.com,8792
806,DqH7tq,37,AXwsV3g,uii@gmail.com,9204
807,V2NW5d,45,egEKWWH,uNa5ptURV@gmail.com,8342
808,kmEIg3dxuR,46,zLJdimE,M3Xt76tT@gmail.com,8834
809,j0YtL,36,ZYazfE0oK,p3cnT@gmail.com,9850
810,RiC2tUv,18,nSI12mOxjLMy,DHjm@gmail.com,5931
811,NsuCso,51,kXyqxSVinLFMWWQ,PQs5CNPt@gmail.com,5154
812,pYitojpC,27,FNXEZUw4XLaAP20Y,RLZ0ZlGSs@gmail.com,1227
813,lsbu0mw,27,yoxFEZ3cR5Pdcuo6,nCHceXf@gmail.com,1687
814,pgxkeK,38,7ZVqrJOVdE3yLHe,9EYYykjUf@gmail.com,4060
815,gPcPXEX,48,DwU2EAKKE,5SS2@gmail.com,5863
816,pUnxDNSm,49,KcZr4AIfI1a5bPrb,yxCGpU@gmail.com,7098
817,zB9erk,20,eQwE4TCyEozNod0JB7,iMHQQ6nCq@gmail.com,9893
818,PiBpLp,47,SJIE5ZIlrBN,RbWqoKT2cT@gmail.com,1614
819,2f8BUK,45,HLCElmKQW75OQOD,bNCcjP@gmail.com,3181
820,4gTux,14,ldGOn688v7uqC,3LH7Lvo1@gmail.com,4331
821,ar7HoIDPMv,28,Sav8LG3DMj9aKDRPiE,51bZqr@gmail.com,4726
822,4bwgQ,57,VT14RjnVUT,Ivj34jd@gmail.com,4991
823,3HfMYJ,54,ZxortEM7VDJVBWcRbV,pFiS2J9a@gmail.com,5928
824,dpJww8CW,16,3JuiEcu0Dyc,1dIR4Z@gmail.com,3539
825,7GII13xPV,40,RO50pnJH50Dij,ZFH@gmail.com,1997
826,LOtq5,23,FjymXQwGqHXw,3LXl@gmail.com,5546
827,fN5Lfjs,20,lYhfEQNVpFOZbaOkt,RyulyZ@gmail.com,6421
828,h9Rsdv,30,S6tC8jMqlWV,M6hl0z4W@gmail.com,5961
829,CMrCbtk7H,34,5exlkM299e6hj,h2eR@gmail.com,4181
830,HpnbsmU,37,595tVYNArcD,lV2NC47zJ@gmail.com,7847
831,lTR2FkrzIK,25,othouFzEhKS,UqffGfJdSr@gmail.com,2789
832,o9x5EyeRgu,30,80YPmECq6awwwS,rrsFxpSPr@gmail.com,7783
833,nAY9is,27,n2kNZ2hmlgMpxyhJP,ycjU4Vnzt@gmail.com,1283
834,HjtkOk,47,mEk2qC,Clt0SWr@gmail.com,6367
835,BT5QieJ,23,KWtcgkkXe4Rt,clbT@gmail.com,2564
836,GmyXm,58,mSnyqO,vN3VHbUtp@gmail.com,3963
837,4ev0rg,15,nmM0LmhyZ,nTgzZpNPE@gmail.com,1049
838,lqAmXIp7,33,boSOOB6,Q960dKw@gmail.com,7508
839,laUGF,21,Fu8LNLmu,dMePFT92@gmail.com,2824
840,HE0ZA1JZ,43,Tv3b0jhVo6hdu,R1tz@gmail.com,6785
841,9pPj3GR,58,blPLwkd,l3wLtlo@gmail.com,7457
842,Afwwx,15,zkwEhNeL8077sNmhH,xnq41H6w@gmail.com,6685
843,eTzKgwrufi,16,lcEpRZLE,aT3iN3xP@gmail.com,1299
844,WDWRTU8ZGM,48,Dg5xfUXHB7dvrV0,ABH8k@gmail.com,3356
845,fUuqQHoCwD,27,Eay8j6mcYu,f7f0eEJg@gmail.com,5314
846,DdVHX,36,RpWVf74hQuj4gywJJJ,vW5@gmail.com,320
847,sDzO5U,47,mOQEsKPu,Ex5@gmail.com,152
848,YOOJT,25,QQ4ZWy9OAGkQE2P96,uQB5Cc46@gmail.com,3690
849,8W1fQ,54,FJhVRB4y,xN1qr@gmail.com,8355
850,tGgEZ,35,WYTcWIIc8Dj,wj8@gmail.com,7640
851,LzShZz8,17,P4QCAB5a2G2jtHfg2,D9Wx@gmail.com,3497
852,hXd7GN,17,zUhO2NmpGIQ,nT7FK5e@gmail.com,5791
853,1KW9f0Mx,24,3KISWZ2SyvR,bTyx@gmail.com,614
854,RpJuPse,26,Kxm6O6X,yaTrZsz@gmail.com,1584
855,hFcSrGWVp1,38,jVLVbhEKAiGf,wIbw@gmail.com,5041
856,n1pJNBKK,32,qbJs39WgNyGiZKnjm,uNNio7m@gmail.com,9857
857,ylEFLTpDa,32,gkxgmTYrX,f6I6napQks@gmail.com,5106
858,3SkAMKQ,36,UotHlL3,7SyTdbCDEJ@gmail.com,8582
859,LJW42u,41,f2VsQc53K,8RiZrLQMN@gmail.com,7957
860,KYzm7s,39,gFD72E9AFy,TZ0dw3XbK@gmail.com,5653
861,RTdga,58,NkFovvynNqT0U81tXa,QdeJDx3@gmail.com,1939
862,m5Eg2mAGy,53,vYhuegXe,g8nHvWCt3d@gmail.com,9252
863,NG2Xt,47,ee10xhhV9ba9FHSJ,OqrDCm@gmail.com,731
864,6T4PvYs3,19,vP5UL0XKSYn,b7QQIEm@gmail.com,9973
865,ULXCndj,41,Oqx907FvDMo1IBd,8Vmxl@gmail.com,9815
866,3BxGUJFO,51,Mdr4LW,ngPVMXXp@gmail.com,8949
867,ZIYKsAIII,34,3O3joFXhxIa8,Y0q4cq@gmail.com,7060
868,kjOHYGjBR8,38,azqJ8D4C,aTMw@gmail.com,6980
869,WTVW2n,39,SyoxFkpldKl,VyzE@gmail.com,4080
870,iLlGYsoP,31,ZSOXb3r3R,gjffE@gmail.com,1254
871,3gwV6i16tZ,36,JyEiaxhuwi3wRTV,hQb7N2j7@gmail.com,2960
872,2uS7q,31,B0xlFpYNfnw9ExNt3,hbSRa@gmail.com,8188
873,O92DXG,58,qYWbP9b,SotbnsvW@gmail.com,1253
874,pAgvP9J,40,qTUT6jRCg,K9y@gmail.com,9894
875,IaP4C0l,17,J2sMAYPurXFuSCiY,2zJ9M9m9Jm@gmail.com,1622
876,azf2k3d,49,HeYFW5XWSV,KbLUxJomxQ@gmail.com,6023
877,vnAJMiN,30,siLHPcoxrLJK6sM,vGCdKJGzFR@gmail.com,8891
878,Y2r9tKG,50,30WlBjEkub,NE3Z6MziL@gmail.com,1411
879,aqRxXf,18,znusYcB,l15QWKyO@gmail.com,9499
880,hD3BX2S,50,kQr1Ram5,Itk9Npb@gmail.com,9774
881,n3bJ8,43,3XMvvBRq1C7T,mDjI0B@gmail.com,560
882,gIHlLwV,57,6OAxuzs3hBH53,9dOZ@gmail.com,9084
883,YSnLO7k,49,5evRMUFnFTc7XeMx,5Wmgr1@gmail.com,8837
884,10k38,46,Zz33BPLcYJ,yuwso2tw@gmail.com,210
885,Rn8eVT,19,0VXqKvcVbThXxH3,w194@gmail.com,21
886,vWCHhXt3,32,Mfqo494yge,qLqhqhjpk@gmail.com,9006
887,tKTxPrt,45,g8fVe9fH,zE4Rja@gmail.com,821
888,WKcxyLFZ,39,CvJxLwwkML,KsP2C@gmail.com,3046
889,QxM0PLH,34,v1915b2SH25JCUa,0fy@gmail.com,8559
890,HzSlEAy,45,EP4TlitSpm,t7j57ZB@gmail.com,1709
891,YihNtzyy,54,mR75lX1l620e,sXzaEB@gmail.com,2459
892,RFQl9,48,Adx4YGK3Ru,doblwrY5@gmail.com,5379
893,qQWwdj,16,xyoDlVX1Ht39aN0Kq,mkVdjc@gmail.com,6674
894,vfDAZ,40,bmMta6krwOdEIH,Hvx9fbUv@gmail.com,537
895,2CNhXvQj,41,quzMO1Z6VOXoltW,WvfNdlp@gmail.com,69
896,A8bUA3Dv,42,cnikG3,239Mx@gmail.com,1567
897,Kj503OIhSo,24,O1gCEh,SaLI@gmail.com,8200
898,6ETC2Ydl,27,84MZpJ,0Hr7RiD@gmail.com,3227
899,9pRMoGT,18,MenJxxMLkU697h3V,cPt4uw4v6@gmail.com,8631
900,ig1G8nuIz8,56,A7e11SjqiUI,rPN6F@gmail.com,1176
901,0dVhJx97,53,Pfk5clCjRt0DVB6Ufw,vymB5@gmail.com,8963
902,2BksX,43,Ppctqi5mD,iJb1Pg@gmail.com,9880
903,Lr1OKvwxJC,55,IOTFT3s,yoymW@gmail.com,6837
904,PYILx3TT,53,uKLCjdUmn07ipnhQMY,96YKrL20O@gmail.com,1594
905,aWnWtisY5,31,UbftYsl2FgK,haN@gmail.com,7419
906,mSmBpSKQa,39,CU1WX5SiZ,Cncf@gmail.com,5953
907,WnniqGou7w,51,mEE4GUFgDs0viL,bf9VS@gmail.com,2146
908,lkadAua9,57,gOjNHYQSkVOac,2rckl3Y9W@gmail.com,7459
909,6CBHWO0IVB,56,FJeKUv7FX1,7MX@gmail.com,6119
910,Sk3if,35,vu04Sdqpqj53k17,5zbmTrn9e@gmail.com,1660
911,t3o8N81jL,14,e1FMZa,RWx@gmail.com,1005
912,RHW4yATweA,49,hWZ0ZIgmuYI,ovvPpTLVmZ@gmail.com,9577
913,YUcwHOOO,15,L38torwe5oHWs72e,0dHaW@gmail.com,6334
914,eYemkarRNn,55,kNKwEROER,UC3hGtEqz@gmail.com,1206
915,2nPV8T,38,ZY6fqJ,wopkzSeSi@gmail.com,550
916,FmPOzylwhq,20,oig0NVBYMBS,jo5p@gmail.com,9597
917,FmEI3RF,27,WxNDRwd,sCdQb0@gmail.com,1759
918,c35HxX7w,41,1KC0nXzM5k0QaC,WrA@gmail.com,6219
919,qPoyR,58,MDRUYJ7w4FggKw2bJG,dgu6ssQ@gmail.com,1463
920,05Y23ZwK,51,8cimv0k7GQDdSU5,7Qo8B4@gmail.com,1468
921,1LXQpebGpO,40,tZ4YSJhoosOix5S,UPj5@gmail.com,8623
922,a9OJwX9S51,17,R9b55NWw3bqLvc6MRB,1a3tQ7TGU@gmail.com,3772
923,AomdM6RSNi,44,iwIksHvEgWSu,rZBgDAJaA@gmail.com,6118
924,NXraX08,23,RKFZeV2MP96RyX3in,4B6C@gmail.com,6433
925,kPenUTdMx3,25,3hd8uk4Yq3e1hG,p7RPNc@gmail.com,8415
926,GAdK7iCP,58,0mrdNZnTIayQ2,W3il8KGDa@gmail.com,2410
927,3u8pD,42,JPn5cmrhIHi46r,jCWoIE@gmail.com,3830
928,y3biqK,58,umY0ab,f5W2M@gmail.com,1651
929,dAX72at,51,PKn4DRzbnV79MnhMS,hXWhWM7pY3@gmail.com,2570
930,NxpPuTAC,27,dn51iMtAJmBfeINej,O8ijhv@gmail.com,2268
931,DgdFrtF9Qu,46,9RCEsGhGjDPL6lg,4B4g2Y@gmail.com,1081
932,2JksONfZg,51,4XuprszGEh,COF9hDq@gmail.com,9156
933,6FM9HC2w,26,g9EsEXCsJzKXr,KEErj@gmail.com,4048
934,WQPsDoPwdI,52,j0C19s80,l8xvjot@gmail.com,1308
935,Vs3giR,47,mYd8eb,2fvFw@gmail.com,2763
936,9PQao,30,GAIheK6,PE0xrW9X8@gmail.com,6189
937,7ckbe,40,PN9ccGpStO5xIhx,Alvkq@gmail.com,850
938,OSvoo,37,jTOVED5zyvMXCeEck,REKQMVJD@gmail.com,9411
939,Trti5yw1,16,NDnLlXG2kO8Yv,OrB@gmail.com,1716
940,QH9i9jN,36,l8ZSd5,CVIqXr5H@gmail.com,5612
941,3TpNPrQmf,55,VrvcRoR,rmVPw6h@gmail.com,7159
942,82RoDlh,49,n8AyDgs1,fMhQ8Un@gmail.com,8467
943,4sMSTj,55,ixYz08hBz14c,BJL5nKg@gmail.com,7990
944,vrwCv,49,Nm0g8GWh1Mwh,b79nRhTXQ@gmail.com,6146
945,EKQZEegOL,55,vCtnkx2Ps,qo9@gmail.com,988
946,61TUB6,37,inikcJQv5i,X42ZN@gmail.com,8646
947,71grHJj,19,ZAaZcQz9LonkEO0,49gtcxcEV7@gmail.com,6925
948,vlwmHQhF,43,TsvFDZroBdEBUMiYh9,dqpzI@gmail.com,8841
949,9qT4jVs,37,v2cns7nlwlyz,hucNQE@gmail.com,1629
950,9IsBUbDok,41,Ac5o1qwtsMpB6,ayvVVEmE@gmail.com,5881
951,bIFRHiiWG,38,kWnfUgkufd3i3ZI28k,WBgUX@gmail.com,8292
952,gblxbBV,26,HlWBfJWO,FNJrQ5kT@gmail.com,8989
953,6vvW6,32,QQ9QWW1n4,DMNLrzrU@gmail.com,6727
954,G8wgmvs,36,cmJYYKCtpJk,5oF@gmail.com,3443
955,BBJT4x,39,FULQZnzPR9J4e2si,EAv@gmail.com,4734
956,eeZhGy,56,UvxEPHx,7xq2yXl@gmail.com,7752
957,IrsZaxy6F,41,DbNEHpnb,GIGqrZA38v@gmail.com,794
958,BXemakh,46,r0jjB3Oh8XN5Sh3pa,OwaS@gmail.com,590
959,L0IEXzb8bW,36,PsD6aHiFNsaD6JW,0ETQEYrc@gmail.com,7775
960,Ejtqh,28,NH1uwtKb,N7HFRdd64@gmail.com,9040
961,wT5oes,47,3UKaYB,87VvMyPT@gmail.com,3257
962,zrCSwx5v4,41,WsQOj5Dgpv7SROQ,lV9@gmail.com,8947
963,7zoHaEla,47,JuDeU6,FUyj4Jb3jh@gmail.com,3032
964,uDNdW,25,Lq2Og8uSn,5sb3gXVjx@gmail.com,8434
965,wf4jzS,21,cOggN3ZWh9KmA8,tSoq0O@gmail.com,2558
966,Tq3Zk,46,alCoDLXRP2PWKH,Mwwa@gmail.com,6658
967,KwKH9uBaM6,25,vKNlv8nOgRuCn,e8MLMvXLE@gmail.com,8633
968,ObGT8wScP0,34,XadXZYsLAKnQT,nAUfnhiH@gmail.com,7990
969,ljA5QK,44,sXYJHp4vSDzU,TEcsIdwKw@gmail.com,3781
970,oXSBA05,17,vtnCaFWEXpTQlMG,wPryL6e@gmail.com,4802
971,UaST2,33,6GWcPCrZgipSwf7,pJU7W3@gmail.com,4183
972,OFGOM,19,SRkcXewD,r4L7dUjRX@gmail.com,754
973,PRKZgYtQJ,33,cVx9N4,NL8MhRXJ@gmail.com,1896
974,uJ5SmJU66R,46,ywDX6znri1,r1W17p@gmail.com,9007
975,bR7G0,44,Q28F4VLrknVNr,8TBRuLQ@gmail.com,6803
976,C70qTTSMzh,17,KgeHeEny4Wi,FHqzFvxFxk@gmail.com,1405
977,YNAxfQb2Qo,17,XVBpm0,GMF4@gmail.com,6403
978,XjsiP9K8N,52,wrqk77oFozyfGUDK2X,kmwH@gmail.com,4817
979,B7M3aYXC,43,y9GXooBBbLW,kOxoh4p2@gmail.com,2685
980,XE1O1pUQwj,35,TnCmgdaG0sRn3g,oEoSLGzYp3@gmail.com,5496
981,7eaCeLkE,49,nFAY4eyQLcH,0INJ@gmail.com,9960
982,3PxQ1z9Krg,24,BWtHxS,2xUJgdmj@gmail.com,1049
983,9vdxIV,25,9FuDTvxIBI5t9iEhrE,49MsKw2@gmail.com,3300
984,H5VjDrPf,15,RRKEJhkLLUVQnRNmtc,RPjwcqovF@gmail.com,3059
985,ND6NoKnAZA,37,N2J2Cra,DtZM@gmail.com,3189
986,leO4By,15,nsboQhigE3CRpsk,GQm@gmail.com,2372
987,cf1GEOW,24,BD2UU4CdLmCrMFgB,2TeEj@gmail.com,8105
988,pCLeNC,45,a31qzCwCCut,cMzsyKQRe@gmail.com,1629
989,SGwvC,29,Jqv04956MBR,LCdeF@gmail.com,6799
990,8fkPF,14,x3YSI8EsgW,LGW2PCI@gmail.com,2990
991,bXtDQ8NOcZ,53,YUR0bHQQ6Cn,XZS6IZ@gmail.com,2005
992,kdRAMQ8,55,FsijtEAKLolJ7v,WXDjPfPdbf@gmail.com,771
993,1uj7EY,22,0aeqd0v2IM6A5d04,cQd7nEt2N@gmail.com,9478
994,4vIxRp3ak,41,XJbzaCpxwcZEo99X,OU9Sroq@gmail.com,9937
995,bPOzi9,37,qmEjVjSWAaumaF4ZT,34UxQ@gmail.com,4028
996,OnBJG,57,XbteeuQ,ON6mD1Q@gmail.com,4420
997,wUtbj,40,VZKzuN8hhniQHZ6wY,4jwASKPx@gmail.com,7362
998,t2JWZzx,27,IVPf4rqpKUwRA,MKQx@gmail.com,8995
999,6cbaQopdV,58,itniv8odq2,czin904L@gmail.com,754
1000,C6S8DqRBsY,22,Q8x83Qp8,D9YSC@gmail.com,6036
1001,xSUYDNA8,30,2W3uxe,MHqpBxryqV@gmail.com,6897
1002,D6i9sBNd,49,0NDLnh,DqbbFq8r@gmail.com,9210
1003,DAOGUBh,30,386SXN,IKid@gmail.com,4924
1004,F8wgZ2,20,p4c596t,2FRXc@gmail.com,8254
1005,orkz52vW,48,cuQKxvUuIkwIro,CqCzz@gmail.com,3686
1006,5OYVDnH,45,hnNcei3,WtC@gmail.com,816
1007,ZQWAhxiTW,18,sibHAaNiBYwJn8,D5a0MR@gmail.com,3470
1008,1YnnQSl,47,FUs1q56m3I8isipu,LTbYdeU@gmail.com,884
1009,uPJHFr2C,37,FQTIYq0F1ClpPbLMR1,W2g@gmail.com,2395
1010,vqps7jq,53,BuBO6nBkZ,SBJk2F@gmail.com,4615
1011,ENs1Ib,28,4g5vqMkUReI2Vc,qy8GqUP2U@gmail.com,112
1012,EF9BVC,40,J4YjrCRk3zRYZ,JG9@gmail.com,9120
1013,Bt45p,45,qDIU7MaZ,ZBvj1qAJL@gmail.com,2856
1014,dPoJC,26,0mnLRay,G54kJwSk@gmail.com,8744
1015,640VjtpoT,33,oQcelvt,IYm@gmail.com,7846
1016,CZe2X,24,qqLwdh,rqUrNVXKw@gmail.com,4486
1017,1Kjcm,49,7jjCnwl4bfCnl35eOi,hQTF9dBn9o@gmail.com,2981
1018,pCIMRWFuq,34,jt52z0AqLDYiDI,yB73xNY8e@gmail.com,762
1019,DTch9,57,JRjLoVdw,wDlYDm7W@gmail.com,9630
1020,HYDXLbZ1,43,pT2Ajc,rqPl@gmail.com,1226
1021,vi4z9s,38,4VWx4oLV99,f3mQ@gmail.com,9984
1022,6E9ZC9Kb,26,c25k4jrkxZKs03,g6go6@gmail.com,5959
1023,QP2B5Rx,54,36lxCQ2sfl6O,Z5UicwFI@gmail.com,5808
1024,31byZ,55,0CaLizcFqfpsXQWGS9,WlqO@gmail.com,847
1025,59TNlGrZ,18,oHbRGVhvb7o7WcosL,2MI9@gmail.com,1547
1026,GKbOVb7ldF,15,sMGsT4qumwez,7PMQ@gmail.com,2029
1027,sH3HX,19,M64TJBS9NgtvvML6Y5,fvdOsgp10@gmail.com,5139
1028,nOzr8,57,PHBrkG0c9Bdgu3Dg,gqN2azcqSx@gmail.com,8032
1029,9snqZVh0,31,60tihKeA0,3y2P9J8@gmail.com,7681
1030,2Ev69Ls,55,jzvJz9Fzc96,sNF@gmail.com,3260
1031,wTHyRMt,34,E91A0srrA,WOgsCm@gmail.com,6145
1032,qgTzNHGZ,40,FclKHHi41BP05554nO,HOp1iNMRi@gmail.com,2849
1033,GwF9GFA,42,3Rm1DM9B,4hYsO@gmail.com,5314
1034,xbjXEV,23,8g3WATlmq,3mP@gmail.com,6742
1035,V4NaAmBpZ,52,SBChQutT9xO,hqMBT8eK@gmail.com,7452
1036,WQuXZ6NGd,57,hmU1Qm,kG9@gmail.com,5252
1037,hNMAsmwRNr,14,3jAjFJF8TLeToR0C,WXhxBG@gmail.com,7739
1038,Wz4b6FGfc6,46,2PVRTN2y,b8dqb@gmail.com,2819
1039,UF0vgAp1,29,Xu5Har3D0ozRpEmEj,PtWHsW@gmail.com,13
1040,qnNNrRRk,33,QACEBdsflH9tRKhXSC,1I5mNxK68G@gmail.com,4191
1041,sxWM8,54,o1xvtfwIR7pNW,iEke13@gmail.com,2846
1042,TJe035tt,33,iceySHdFKPy8,D2L@gmail.com,2367
1043,uLYUQy3,30,OphKL2g,sZXCEAqvm@gmail.com,2862
1044,7rWNOV7,14,8mZkw1Xn386BObfDvr,Takcip@gmail.com,7119
1045,aP8Un,29,8I9k8RNE8,5Ny29gt@gmail.com,5144
1046,B4ZtNGK,36,IGDJSzNN7i,5WtgOmuI@gmail.com,8085
1047,edZr1Ll,38,j4DoIeXs1UbVE,ejy@gmail.com,3668
1048,iTwIfN2Zu,30,J3hvvEIXJL2Tg0wLY,7O3JfH1fn@gmail.com,2057
1049,nGfrHPI,50,UJyJFn,3VTXwz@gmail.com,3003
